code_lang,video_url,summary,category,domain,id
"[""python"", ""cpp"", ""java"", ""c""]",https://www.youtube.com/watch?v=BsYbdUnKZ-Y,"깊이 우선 탐색(DFS)과 너비 우선 탐색(BFS)은 그래프 탐색 알고리즘으로, 각각의 특징에 따라 문제를 해결하는 방식이 다릅니다. DFS는 한 경로를 끝까지 탐색한 후 다른 경로로 넘어가는 방식으로, 재귀함수를 통해 구현됩니다. 반면 BFS는 여러 경로를 동시에 탐색하며, 큐를 사용하여 순서대로 탐색합니다. 두 알고리즘 모두 경로 탐색, 네트워크 연결 확인, 조합 생성 문제에 활용됩니다.

DFS는 동작 검증이 용이하고 코드가 간결해지는 장점이 있지만, 최악의 경우 모든 조합을 탐색해야 할 수 있어 시간이 오래 걸릴 수 있습니다. BFS는 모든 경우를 한 단계씩 탐색하므로 시간 복잡도가 낮고, 특정 문제에서 더 효율적일 수 있습니다. 따라서 문제의 난이도와 특성에 따라 적절한 알고리즘을 선택하는 것이 중요합니다.

- DFS는 재귀함수로 구현하며, 깊이 있는 탐색을 수행.
- BFS는 큐를 사용하여 너비 있는 탐색을 수행.
- 두 알고리즘 모두 경로 탐색, 네트워크 문제, 조합 문제에 사용.
- DFS는 동작 검증이 쉽고 코드가 간결하지만, 최악의 경우 시간이 오래 걸릴 수 있음.
- BFS는 시간 복잡도가 낮고, 특정 문제에서 더 효율적일 수 있음.

[tags] DFS, BFS, 그래프 탐색, 재귀, 큐
[lang] unknown",,algorithm,1.0
"[""python""]",https://www.youtube.com/watch?v=46VmSgebZP4,"BFS(너비 우선 탐색) 알고리즘은 그래프를 탐색하는 방법으로, 큐 자료구조를 사용하여 구현된다. 이 알고리즘은 시작 노드를 선택하고, 해당 노드를 큐에 추가한 후 방문한 노드로 표시한다. 이후 큐에서 노드를 제거하고, 그 노드와 인접한 모든 미방문 노드를 큐에 추가하며 방문 처리하는 과정을 반복한다. 이 과정은 큐가 비어질 때까지 계속된다. BFS를 구현하기 위해서는 그래프와 시작 노드, 방문한 노드를 추적할 집합이 필요하다.

BFS 알고리즘을 구현할 때 주의할 점은 시작 노드가 그래프에 존재하는지 확인하는 것이며, 존재하지 않을 경우 탐색을 중단해야 한다. 큐는 리스트나 collections 모듈의 deque 클래스를 사용할 수 있으며, 각 노드를 방문할 때마다 인접 노드를 큐에 추가하고 방문 처리하는 과정을 반복해야 한다.

- BFS는 큐를 사용하여 그래프를 탐색한다.
- 시작 노드가 그래프에 존재하는지 확인해야 한다.
- 방문한 노드는 집합을 사용하여 관리한다.
- 큐가 비어질 때까지 탐색을 반복한다.

[tags] BFS, Queue
[lang] python",,algorithm,2.0
"[""python""]",https://www.youtube.com/watch?v=e0RBEHvAI_4,"이번 강의에서는 그래프 탐색 알고리즘 중 너비 우선 탐색(BFS)에 대해 다룬다. 이전 강의에서 깊이 우선 탐색(DFS)을 설명한 후, BFS의 기본 개념을 소개하며, BFS는 시작 노드에서 인접한 모든 노드를 먼저 방문하는 방식으로 작동한다. 강의에서는 DFS와 BFS의 유사성을 강조하며, BFS 구현 시 큐를 사용해야 한다는 점을 설명한다. 큐의 작동 방식과 함께 BFS의 최소 구현을 보여주고, 이를 통해 그래프의 경로를 찾는 방법을 시연한다.

BFS는 메모리 사용량이 많아질 수 있지만, 가중치나 휴리스틱을 고려하지 않는 그래프 탐색에 유용하다. 강의는 BFS의 구현 과정을 통해 DFS에서 BFS로의 전환이 어떻게 이루어지는지를 보여주며, 알고리즘의 기본 원리를 이해하는 데 도움을 준다.

- BFS는 인접 노드를 우선적으로 탐색한다.
- 큐를 사용하여 노드를 관리한다.
- DFS와 BFS는 유사한 구조를 가진다.
- BFS는 메모리 사용량이 많을 수 있다.
- 가중치나 휴리스틱을 고려하지 않는 탐색에 적합하다.

[tags] BFS, DFS
[lang] unknown",,algorithm,3.0
"[""python""]",https://www.youtube.com/watch?v=U5-bRX2AHNY,"너비 우선 탐색(BFS)은 그래프나 트리를 탐색하는 알고리즘으로, 주어진 노드에서 시작하여 인접한 노드를 차례로 방문하는 방식으로 작동한다. 이 강의에서는 BFS의 기본 개념과 이를 파이썬으로 구현하는 방법을 설명한다. BFS는 큐를 사용하여 방문할 노드를 관리하며, 각 노드를 방문할 때마다 그 노드의 자식 노드를 큐에 추가한다. 이 과정을 반복하여 모든 노드를 방문하게 된다.

BFS의 구현 과정은 다음과 같다:
1. 시작 노드를 큐에 추가하고 방문한 노드 목록에 기록한다.
2. 큐가 비어있지 않은 동안 반복하여 큐의 첫 번째 노드를 꺼내고 출력한다.
3. 꺼낸 노드의 이웃 노드를 확인하고, 방문하지 않은 노드를 방문 목록과 큐에 추가한다.
4. 큐가 비어있을 때까지 이 과정을 계속한다.

BFS의 시간 복잡도는 O(V + E)로, V는 정점의 수, E는 간선의 수를 의미한다.

- BFS는 그래프 탐색에 유용하다.
- 큐를 사용하여 노드를 관리한다.
- 방문한 노드는 중복 방문을 방지한다.
- 시간 복잡도는 O(V + E)이다.

[tags] BFS
[lang] python",,algorithm,4.0
"[""python""]",https://www.youtube.com/watch?v=6T90pTJ03YY,"너비 우선 탐색(BFS) 알고리즘은 그래프의 노드를 탐색하는 방법으로, 시작 노드에서 인접한 노드로 ""불이 퍼지는"" 방식으로 작동한다. 이 알고리즘은 그래프의 모든 연결된 노드를 방문하기 위해 큐를 사용하여 현재 불이 붙은 노드를 추적하고, 방문한 노드는 boolean 배열로 관리한다. BFS는 다양한 문제에 적용될 수 있으며, 특히 최단 경로를 찾거나 격자에서 섬의 개수를 세는 데 유용하다.

BFS의 구현 과정은 다음과 같다:
- 그래프를 2D 리스트로 표현하고, 방문 여부를 나타내는 배열을 초기화한다.
- 시작 노드를 큐에 추가하고 불을 붙인다.
- 큐가 비어있지 않은 동안, 큐의 앞에서 노드를 꺼내 인접한 노드에 불을 붙인다.
- 모든 노드를 방문한 후, 방문하지 않은 노드를 확인하여 접근 가능성을 판단한다.

BFS의 시간 복잡도는 O(V + E)이며, 공간 복잡도 또한 O(V + E)이다. 이 알고리즘은 다양한 문제에 적용 가능하므로, 여러 문제를 풀어보며 이해를 깊이 있는 것이 중요하다.

[tags] BFS
[lang] python",,algorithm,5.0
"[""python""]",https://www.youtube.com/watch?v=oTH9wKi2Rac,"너비 우선 탐색(BFS) 알고리즘은 그래프의 모든 노드를 방문하는 방법을 제시하는 알고리즘으로, 주로 그래프 탐색 및 문제 해결에 사용된다. 이 알고리즘은 큐(Queue) 자료구조를 활용하여 구현되며, FIFO(선입선출) 원칙에 따라 노드를 탐색한다. BFS는 시작 노드에서 인접한 노드를 방문하고, 그 다음 깊이로 이동하여 계속해서 노드를 탐색하는 방식으로 진행된다. 이 과정에서 이미 방문한 노드는 제외하고, 새로운 노드만을 큐에 추가하여 탐색을 이어간다.

BFS의 구현은 다음과 같은 단계로 이루어진다:
- 시작 노드를 큐와 방문 리스트에 추가한다.
- 큐에서 노드를 꺼내 인접 노드를 확인하고, 방문하지 않은 노드를 방문 리스트와 큐에 추가한다.
- 큐가 비어질 때까지 이 과정을 반복한다.

BFS는 그래프의 모든 노드를 탐색하는 데 O(V + E) 시간 복잡도를 가지며, 여기서 V는 노드의 수, E는 간선의 수를 의미한다.

- BFS는 그래프 탐색의 기초가 된다.
- 큐 자료구조를 사용하여 구현된다.
- 방문한 노드는 중복 방문하지 않는다.
- 시간 복잡도는 O(V + E)이다.

[tags] BFS, Queue
[lang] python",,algorithm,6.0
"[""python""]",https://www.youtube.com/watch?v=GroMLA3arYs,"너비 우선 탐색(BFS)은 그래프의 모든 노드를 레벨 순서로 탐색하는 알고리즘이다. BFS는 큐(Queue) 자료구조를 사용하여 현재 노드의 모든 인접 노드를 먼저 탐색한 후, 그 다음 레벨의 노드로 이동하는 방식으로 작동한다. 예를 들어, 시작 노드에서 인접한 노드들을 큐에 추가하고, 큐에서 노드를 하나씩 꺼내면서 그 노드의 인접 노드를 다시 큐에 추가하는 과정을 반복한다. 이 과정은 모든 노드가 탐색될 때까지 계속된다.

BFS의 주요 특징은 다음과 같다:
- 모든 노드를 레벨 순서로 탐색한다.
- 큐를 사용하여 탐색 순서를 관리한다.
- DFS와 달리, 경로를 깊게 탐색하는 것이 아니라 넓게 탐색한다.

BFS의 시간 복잡도는 O(V + E)로, V는 노드의 수, E는 간선의 수를 의미한다.

[tags] BFS, Queue
[lang] unknown",,algorithm,7.0
"[""python""]",https://www.youtube.com/watch?v=YtD2KGRdn3s,"너비 우선 탐색(BFS)은 그래프나 그래프와 유사한 데이터 구조를 탐색하거나 검색하는 데 필수적인 알고리즘이다. BFS의 시간 복잡도는 노드 수와 간선 수의 합인 O(V + E)이다. 이 알고리즘은 두 노드 간의 최단 경로를 계산하는 데 사용되며, Ford-Fulkerson 알고리즘과 같은 다른 응용 프로그램에서도 활용된다. BFS는 큐를 사용하여 탐색을 진행하며, 시작 노드의 이웃을 큐에 추가하고 방문한 노드는 표시하여 반복적으로 탐색한다.

BFS를 통해 최단 경로를 찾기 위해서는 약간의 수정이 필요하다. 이때, 방문한 노드의 부모 노드를 기록하는 predecessorNodes 딕셔너리를 사용하여 최단 경로를 역추적할 수 있다. 최종적으로, 시작 노드에서 끝 노드까지의 경로를 반환하는 shortestPath 함수를 통해 경로를 생성한다. 이 과정은 BFS의 기본 구조를 유지하면서도 최단 경로를 효과적으로 찾을 수 있게 해준다.

- BFS는 그래프 탐색에 유용하다.
- 시간 복잡도는 O(V + E)이다.
- 큐를 사용하여 탐색을 진행한다.
- 최단 경로를 찾기 위해 predecessorNodes를 활용한다.
- Python으로 구현할 수 있다.

[tags] BFS, shortest path
[lang] python",,algorithm,8.0
"[""python"", ""cpp"", ""java"", ""c""]",https://www.youtube.com/watch?v=D_ZuvwIkinQ,"그래프 표현은 다양한 그래프 알고리즘을 이해하고 적용하는 데 필수적이다. 그래프는 주로 엣지 리스트, 인접 행렬, 인접 리스트의 세 가지 방법으로 표현된다. 엣지 리스트는 엣지를 중심으로 그래프를 표현하며, 가중치가 없는 경우 간단한 2차원 배열로 나타낼 수 있다. 그러나 노드 중심의 알고리즘에는 적합하지 않다. 인접 행렬은 노드 수에 따라 NxN 배열로 표현되며, 직접 접근이 가능하지만 공간 효율성이 떨어지고 탐색 시 시간 복잡도가 높다. 반면 인접 리스트는 가변적인 배열을 사용하여 노드와 엣지를 효율적으로 표현할 수 있어, 노드 중심의 알고리즘에 적합하다.

- 그래프 표현 방법: 엣지 리스트, 인접 행렬, 인접 리스트
- 엣지 리스트는 엣지를 중심으로 표현, 노드 중심 알고리즘에 비효율적
- 인접 행렬은 직접 접근 가능하지만 공간 비효율적
- 인접 리스트는 가변적 배열로 노드와 엣지를 효율적으로 표현

[tags] 엣지 리스트, 인접 행렬, 인접 리스트
[lang] unknown",,algorithm,9.0
"[""python""]",https://www.youtube.com/watch?v=PQhMkmhYZjQ,"너비 우선 탐색(BFS) 알고리즘을 파이썬으로 구현하는 과정이 설명된다. 먼저, 그래프를 인접 리스트 형식으로 정의하고, 각 노드의 방문 여부, 레벨(거리), 부모 노드를 추적하기 위한 딕셔너리를 초기화한다. BFS의 시작 노드를 설정하고, 큐를 사용하여 탐색을 진행한다. 큐에서 노드를 꺼내고, 인접한 노드를 방문하며, 방문하지 않은 노드는 큐에 추가하고 관련 정보를 업데이트한다. 탐색이 완료되면 BFS 순회 결과와 각 노드의 거리 정보를 출력한다.

이 알고리즘은 연결된 그래프에서 최단 경로를 찾는 데 유용하며, 비연결 그래프의 경우 추가적인 처리가 필요하다. BFS의 시간 복잡도는 O(V + E)로, V는 정점의 수, E는 간선의 수를 의미한다.

- BFS는 그래프의 최단 경로를 찾는 데 사용된다.
- 큐를 활용하여 탐색 순서를 관리한다.
- 비연결 그래프에서는 추가 처리가 필요하다.
- 각 노드의 레벨을 통해 거리 정보를 제공한다.

[tags] BFS
[lang] python",,algorithm,10.0
"[""java""]",https://www.youtube.com/watch?v=02qvSxd-yL8,"너비 우선 탐색(BFS)은 그래프 탐색 알고리즘으로, 가까운 노드부터 차례로 탐색하는 방식입니다. 예를 들어, 친구를 통해 짝사랑하는 사람을 찾는 상황을 비유로 설명하며, 주변 친구들에게 물어보는 과정을 통해 탐색이 이루어집니다. BFS는 큐를 사용하여 방문한 노드를 관리하고, 인접한 노드를 탐색하면서 방문 여부를 기록합니다. 이 과정에서 타겟 노드에 도달하면 탐색을 종료하고, 최단 경로를 반환할 수 있습니다.

BFS의 주요 특징은 다음과 같습니다:
- 가까운 노드부터 탐색하여 최단 경로를 찾는 데 유리함.
- 큐를 사용하여 방문한 노드를 관리.
- 타겟 노드에 도달하면 탐색을 종료하고 경로를 반환.

[tags] BFS
[lang] unknown",,algorithm,11.0
"[""python"", ""cpp"", ""java"", ""c""]",https://www.youtube.com/watch?v=Cs8DaupoSPM,"너비 우선 탐색(BFS)은 그래프를 탐색하는 알고리즘으로, 시작 노드에서 가까운 노드를 우선적으로 방문하는 방식입니다. BFS는 FIFO(First In First Out) 구조인 큐를 사용하여 구현되며, 이는 깊이 우선 탐색(DFS)과 대조적입니다. BFS는 모든 노드를 탐색할 때 최단 경로를 보장하는 특징이 있어, 목표 노드에 도달하는 경로가 여러 개일 경우 가장 짧은 경로를 찾는 데 유리합니다. 시간 복잡도는 노드 수와 엣지 수의 합으로, DFS와 유사합니다.

BFS의 기본 단계는 다음과 같습니다:
- 시작 노드를 정하고 큐와 방문 배열을 초기화합니다.
- 큐에서 노드를 꺼내고, 그 노드와 연결된 인접 노드를 큐에 추가합니다.
- 방문한 노드는 다시 방문하지 않도록 관리하며, 큐가 비어질 때까지 이 과정을 반복합니다.

이러한 과정을 통해 BFS는 그래프의 모든 노드를 효율적으로 탐색할 수 있습니다.

[tags] BFS, Queue
[lang] unknown",,algorithm,12.0
"[""java""]",https://www.youtube.com/watch?v=w419jCHXeEI,"이번 강의에서는 C언어와 자바에서 마방진을 구현하는 코드의 차이점을 살펴봅니다. 자바 프로그램은 클래스 내에서 변수와 메소드를 선언해야 하며, 메인 메소드를 포함하는 클래스를 통해 실행됩니다. 자바에서 배열은 객체로 인식되므로, 2차원 배열을 선언할 때는 `new` 예약어를 사용하여 객체 형태로 생성해야 합니다. C언어와의 차이점으로는 배열 선언 방식과 출력 방식이 있으며, 자바의 `System.out.println`은 C언어의 `printf`와 유사한 기능을 수행하지만, 출력할 문자열이 없을 경우 한 줄을 띄우는 기능을 가집니다.

- 자바는 클래스 내에서 모든 변수를 선언해야 함.
- 2차원 배열은 `new` 예약어를 사용하여 객체 형태로 선언.
- 출력 방식에서 C언어의 `printf`와 유사한 `System.out.println` 사용.
- 마방진 구현은 C코드와 큰 차이가 없음.

[tags] 
[lang] unknown",,algorithm,13.0
"[""python"", ""cpp"", ""java"", ""c""]",https://www.youtube.com/watch?v=iYz-pG1CPIM,"그래프 탐색은 그래프의 각 정점이나 노드를 방문하는 기술로, 주로 BFS(너비 우선 탐색)와 DFS(깊이 우선 탐색) 두 가지 방법으로 분류된다. BFS는 시작 노드에서 인접한 노드를 먼저 탐색하고, 그 다음으로 인접한 노드를 탐색하는 방식으로, 계층적으로 그래프를 탐색한다. 이 과정에서 큐를 사용하여 방문한 노드를 기록하고, 사이클을 피하기 위해 이미 방문한 노드를 체크하는 것이 중요하다. BFS는 다양한 응용 분야에서 사용되며, 예를 들어, 게임의 최단 경로 탐색, GPS 내비게이션, 소셜 네트워크의 계층 구조 표시, 피어 투 피어 네트워크에서의 이웃 노드 탐색 등에 활용된다.

- BFS는 큐를 사용하여 구현된다.
- 그래프가 연결되어 있지 않을 경우, 모든 구성 요소를 탐색해야 한다.
- BFS는 여러 가지 경로로 탐색할 수 있으며, 동일한 그래프에 대해 여러 BFS 결과가 가능하다.
- BFS는 메모리 관리와 같은 자동화된 작업에도 사용된다.

[tags] BFS, 그래프 탐색, 큐, 알고리즘
[lang] unknown",,algorithm,14.0
"[""java""]",https://www.youtube.com/watch?v=s14vkkAvLRI,"세준이는 주어진 수식에서 괄호를 적절히 배치하여 최소값을 만들고자 한다. 문제는 양수와 더하기, 빼기 연산자로 구성된 수식이 주어지며, 괄호를 통해 수식의 값을 최소화하는 방법을 찾는 것이다. 이 문제는 그리디 알고리즘을 통해 해결할 수 있으며, 마이너스 연산 뒤에 있는 수치가 최대가 되도록 괄호를 배치하는 것이 핵심이다. 즉, 마이너스가 나오기 전까지의 모든 더하기 연산을 괄호로 묶어 최대값을 만들고, 이후 마이너스 연산을 수행하는 방식이다.

이 알고리즘의 흐름은 다음과 같다:
1. 수식을 마이너스 기호를 기준으로 분리한다.
2. 각 부분에서 더하기 연산을 통해 최대값을 계산한다.
3. 최종적으로 계산된 값들을 마이너스 연산으로 처리하여 최소값을 도출한다.

- 입력 수식은 0-9와 +, -로만 구성된다.
- 수식의 길이는 50자 이하이다.
- 연속된 두 개 이상의 연산자는 없다.
- 마이너스 뒤의 수치를 최대화하는 것이 중요하다.

[tags] Greedy
[lang] unknown",,algorithm,15.0
"[""python""]",https://www.youtube.com/watch?v=3piXbPdLRGQ,"그래프 탐색 프로젝트에서는 너비 우선 탐색(BFS)과 깊이 우선 탐색(DFS) 두 가지 방법을 사용하여 그래프를 탐색하는 방법을 설명한다. BFS는 루트 노드에서 시작하여 각 레벨을 차례로 탐색하는 방식이며, DFS는 루트 노드에서 시작하여 왼쪽 자식 노드를 깊이 있게 탐색하는 방식이다. 이 프로젝트에서는 Python을 사용하여 그래프를 시각화하고, BFS와 DFS 버튼을 클릭하여 각각의 탐색 결과를 시각적으로 확인할 수 있도록 구현한다.

코드에서는 그래프의 초기화, 버튼 생성, 노드 연결 및 탐색 결과 표시를 위한 다양한 함수가 포함되어 있다. BFS는 레벨별로 노드를 방문하며, 방문한 노드는 빨간색으로 표시되고, DFS는 깊이별로 노드를 방문하여 방문한 노드를 파란색으로 표시한다. 이 과정에서 오류가 발생할 경우 적절한 메시지를 출력하도록 설계되어 있다.

- BFS는 레벨 순서로 탐색
- DFS는 깊이 우선으로 탐색
- 각 탐색 결과는 색상으로 시각화
- 오류 발생 시 메시지 출력
- Python으로 구현

[tags] BFS, DFS
[lang] python",,algorithm,16.0
"[""python""]",https://www.youtube.com/watch?v=tswq532WVF4,"너비 우선 탐색(BFS)은 그래프 데이터 구조에서 노드를 탐색하는 기법으로, 주로 인접한 노드를 먼저 방문하는 방식으로 작동한다. 이 알고리즘은 큐를 사용하여 구현되며, 시작 노드에서부터 인접한 모든 노드를 탐색한 후, 다음 레벨의 노드로 이동한다. BFS는 그래프의 모든 노드를 한 번씩만 방문하므로, 방문한 노드는 다시 방문하지 않는다. 이 과정에서 방문한 노드는 '방문 배열'에 저장된다.

BFS를 구현하기 위해서는 먼저 그래프를 딕셔너리 형태로 표현하고, 큐를 초기화하여 시작 노드를 추가한다. 이후 큐가 비어있지 않은 동안 반복적으로 노드를 꺼내고, 그 노드의 인접 노드를 큐에 추가하는 방식으로 진행된다. 이때, 이미 방문한 노드는 큐에 추가하지 않도록 조건을 설정한다. BFS는 그래프 탐색, 최단 경로 찾기 등 다양한 응용이 가능하다.

- BFS는 인접 노드를 먼저 탐색한다.
- 큐를 사용하여 구현하며, 방문한 노드는 다시 방문하지 않는다.
- 그래프는 딕셔너리로 표현할 수 있다.
- BFS는 최단 경로 문제에 유용하다.

[tags] BFS
[lang] python",,algorithm,17.0
"[""python""]",https://www.youtube.com/watch?v=lyVRSBFVQQM,"너비 우선 탐색(Breadth-First Search, BFS)은 트리나 그래프의 모든 노드를 레벨 순서로 탐색하는 알고리즘이다. 이 알고리즘은 큐를 사용하여 구현되며, 방문한 노드의 자식 노드를 큐에 추가하고, 큐에서 노드를 꺼내어 방문하는 방식으로 진행된다. BFS의 기본 흐름은 루트 노드를 큐에 추가하고, 큐에서 노드를 꺼내면서 그 자식 노드를 큐에 추가하는 과정을 반복하는 것이다. 이 과정은 모든 노드를 방문할 때까지 계속된다.

BFS는 다음과 같은 특징을 가진다:
- 큐를 사용하여 노드를 관리한다.
- 각 노드를 방문할 때 자식 노드를 큐에 추가한다.
- 레벨 순서로 노드를 탐색하므로, 같은 레벨의 노드가 먼저 방문된다.
- 시간 복잡도는 O(V + E)로, V는 정점의 수, E는 간선의 수를 의미한다.

[tags] BFS
[lang] unknown",,algorithm,18.0
"[""python""]",https://www.youtube.com/watch?v=nZJBR5m9bGM,"너드 그래프 탐색에서 두 가지 주요 방법인 너비 우선 탐색(BFS)과 깊이 우선 탐색(DFS)에 대해 설명한다. 이 영상에서는 BFS에 중점을 두고, 큐(Queue) 데이터 구조를 사용하여 그래프를 탐색하는 방법을 다룬다. BFS는 시작 노드를 고정한 후, 해당 노드를 큐에 추가하고, 큐에서 노드를 하나씩 꺼내면서 인접한 노드를 탐색하는 방식으로 진행된다. 이 과정에서 방문한 노드를 추적하기 위해 방문 집합(Visited Set)을 사용한다.

BFS의 핵심 아이디어는 레벨 순서로 노드를 탐색하는 것으로, 이때 큐를 통해 각 레벨의 노드를 순차적으로 처리한다. BFS를 구현하기 위해서는 시작 노드를 정하고, 이를 큐에 추가한 후, 큐에서 노드를 꺼내면서 인접 노드를 큐에 추가하는 과정을 반복한다. 이 방법은 이진 트리와 유사한 방식으로 작동하며, 그래프의 구조에 따라 탐색이 이루어진다.

- BFS는 큐를 사용하여 레벨 순서로 탐색한다.
- 방문한 노드는 방문 집합을 통해 관리한다.
- 시작 노드를 고정하고 큐에 추가하는 것이 중요하다.
- 인접 노드를 큐에 추가하며 탐색을 진행한다.

[tags] BFS
[lang] unknown",,algorithm,19.0
"[""python""]",https://www.youtube.com/watch?v=-uR7BSfNJko,"이 영상에서는 파이썬을 사용하여 무방향 그래프에 대한 너비 우선 탐색(BFS) 알고리즘을 구현하는 방법을 설명한다. 그래프는 10개의 정점(A부터 J까지)으로 구성되며, 두 개의 클래스인 Vertex와 Graph를 사용하여 구현된다. Vertex 클래스는 정점의 이름, 이웃 리스트, 거리, 색상 변수를 포함하고, Graph 클래스는 정점들을 저장하는 딕셔너리와 정점을 추가하거나 엣지를 추가하는 기능을 가진다. BFS 함수는 시작 정점을 받아 큐를 사용하여 정점을 탐색하며, 각 정점의 거리를 업데이트하고 방문 여부를 색상으로 표시한다.

- Vertex 클래스는 정점의 속성을 정의하고 이웃을 추가하는 기능을 제공한다.
- Graph 클래스는 정점과 엣지를 관리하며, BFS 탐색을 위한 메서드를 포함한다.
- BFS는 큐를 사용하여 정점을 탐색하고, 각 정점의 거리를 계산한다.
- 코드 실행 후 각 정점의 이웃과 거리 정보를 출력한다.

[tags] BFS, Graph, Vertex
[lang] python",,algorithm,20.0
"[""python""]",https://www.youtube.com/watch?v=mDYEhcKpiz0,"너비 우선 탐색(BFS)은 그래프 이론에서 사용되는 알고리즘으로, 주어진 그래프의 모든 정점을 최소한 한 번씩 방문하는 체계적인 방법이다. 이 알고리즘은 시작 정점에서 시작하여 인접한 정점들을 차례로 방문하며, 큐를 사용하여 방문할 정점을 관리한다. BFS는 웹 크롤러, 최단 경로 문제, 최소 신장 트리 찾기 등 다양한 분야에서 활용된다. 

BFS의 기본 흐름은 다음과 같다. 먼저, 시작 정점을 큐에 추가하고 방문 리스트를 초기화한다. 큐가 비어있지 않은 동안, 큐에서 정점을 꺼내고 그 정점의 자식 정점들을 확인하여 방문하지 않은 정점들을 방문 리스트와 큐에 추가한다. 이 과정을 반복하여 모든 정점을 방문하게 된다. BFS는 최악의 경우 O(V + E)의 시간 복잡도를 가지며, 여기서 V는 정점의 수, E는 간선의 수를 의미한다.

- BFS는 그래프의 모든 정점을 방문하는 데 유용하다.
- 큐를 사용하여 방문할 정점을 관리한다.
- 방향 그래프와 비방향 그래프 모두에 적용 가능하다.
- 최단 경로 문제 해결에 유용하다.
- 시간 복잡도는 O(V + E)이다.

[tags] BFS
[lang] python",,algorithm,21.0
"[""python"", ""cpp"", ""java"", ""c""]",https://www.youtube.com/watch?v=3M4yiLbmPAU,"그래프는 데이터 간의 관계를 표현하는 자료구조로, 정점, 간선, 가중치로 구성된다. 그래프의 종류에는 방향 그래프, 무방향 그래프, 가중치 그래프가 있으며, 각 그래프는 간선의 방향성과 가중치 유무에 따라 구분된다. 그래프를 표현하는 방법으로는 인접행렬과 인접리스트가 있다. 인접행렬은 정점의 개수에 따라 2차원 배열을 사용하여 간선의 존재 여부와 가중치를 저장하는 방식으로, 랜덤 접근이 가능하지만 메모리 낭비가 크다. 반면 인접리스트는 링크드 리스트를 활용하여 각 정점의 간선 정보를 저장하며, 메모리 효율성이 좋지만 탐색 속도는 느리다. 일반적으로 정점 수가 1,000개 미만일 경우 인접행렬을, 그 이상일 경우 인접리스트를 사용하는 것이 권장된다.

- 그래프의 구성 요소: 정점, 간선, 가중치
- 그래프의 종류: 방향 그래프, 무방향 그래프, 가중치 그래프
- 표현 방법: 인접행렬, 인접리스트
- 성능 비교: 인접행렬은 랜덤 접근 가능, 인접리스트는 메모리 효율적
- 사용 조건: 정점 수에 따라 표현 방식 선택

[tags] 그래프, 인접행렬, 인접리스트, 방향 그래프, 무방향 그래프
[lang] unknown",,algorithm,22.0
"[""python"", ""cpp"", ""java"", ""c""]",https://www.youtube.com/watch?v=gl5RhtU2mF8,"그래프를 탐색하는 두 가지 방법인 깊이 우선 탐색(DFS)과 너비 우선 탐색(BFS)에 대해 설명한다. DFS는 깊이 우선으로 노드를 탐색하며, 재귀적 방법과 반복적 방법(스택 사용)으로 구현할 수 있다. 이 과정에서 방문한 노드를 해시셋에 저장하여 중복 방문을 방지한다. BFS는 너비 우선으로 노드를 탐색하며, 큐를 사용하여 구현된다. 두 방법 모두 그래프의 정점 수와 간선 수에 따라 O(V + E)의 시간 복잡도를 가지며, 공간 복잡도는 해시셋과 스택 또는 큐의 크기에 따라 결정된다.

이 강의에서는 DFS와 BFS를 활용한 문제인 'Keys and Rooms'를 통해 그래프의 접근 가능성을 확인하는 방법을 다룬다. 이 문제는 각 방이 열쇠를 통해 연결된 방향성 그래프 형태로 표현되며, DFS 또는 BFS를 통해 모든 방에 접근할 수 있는지를 판단한다.

- DFS는 재귀적 또는 반복적으로 구현 가능
- BFS는 큐를 사용하여 구현
- 두 탐색 방법 모두 O(V + E)의 시간 복잡도
- 'Keys and Rooms' 문제를 통해 그래프 탐색 응용

[tags] DFS, BFS
[lang] unknown",,algorithm,23.0
"[""python""]",https://www.youtube.com/watch?v=vGkQ6hB4GeI,"주어진 문제는 백준 11720번 '숫자의 합'으로, 입력된 숫자 문자열의 합을 구하는 간단한 문제이다. 먼저, 입력으로 주어지는 숫자의 개수(n)와 숫자 문자열을 받아 배열에 저장한 후, 각 요소를 정수로 변환하여 누적합을 계산한다. 일반적인 방법으로는 반복문을 사용하여 각 문자를 정수로 변환하고 합산하는 방식으로 구현할 수 있다. 

Pythonic한 방법으로는 `map` 함수를 사용하여 입력받은 문자열을 한 번에 정수로 변환하고, `sum` 함수를 통해 합산하는 방식으로 코드를 간결하게 작성할 수 있다. 이 두 가지 방법 모두 문제를 해결할 수 있지만, Python의 특성을 활용한 두 번째 방법이 더 효율적이고 가독성이 좋다.

- 입력받은 숫자의 개수(n)와 숫자 문자열을 처리
- 각 문자를 정수로 변환 후 누적합 계산
- Pythonic한 방법으로 `map`과 `sum` 사용
- 두 가지 방법 모두 문제 해결 가능

[tags] 
[lang] python",,algorithm,24.0
"[""python""]",https://www.youtube.com/watch?v=fPmMPqusEq8,"주어진 문제는 자연수 n에서 시작하여 m을 만들기 위해 최소 몇 번의 연산을 수행해야 하는지를 구하는 것입니다. 사용할 수 있는 연산은 더하기 1, 빼기 1, 곱하기 2, 빼기 10의 네 가지이며, 중간 결과는 항상 1부터 100만 사이의 자연수여야 합니다. 이 문제는 BFS(너비 우선 탐색)를 통해 접근할 수 있으며, 각 상태를 큐에 넣고 방문 여부를 체크하는 방식으로 진행됩니다. BFS를 통해 가능한 모든 경로를 탐색하면서 최소 연산 횟수를 구할 수 있습니다.

BFS를 구현할 때는 큐와 방문 배열을 사용하여 중복 방문을 방지하고, 각 연산을 통해 새로운 상태를 큐에 추가합니다. 종료 조건은 현재 상태가 목표 m과 같을 때이며, 이 경우 최소 연산 횟수를 반환합니다. BFS의 시간 복잡도는 O(V + E)로, 여기서 V는 정점의 수, E는 간선의 수입니다.

- BFS를 사용하여 상태를 탐색
- 방문 배열로 중복 방문 방지
- 각 연산을 통해 새로운 상태 생성
- 종료 조건: 현재 상태가 목표 m일 때

[tags] BFS
[lang] unknown",,algorithm,25.0
"[""python""]",https://www.youtube.com/watch?v=cJ9xdW_hqR4,"완주하지 못한 선수 문제는 주어진 두 배열, 참가자와 완주자를 비교하여 완주하지 못한 한 명의 선수를 찾는 것입니다. 이 문제를 해결하기 위해 세 가지 방법을 제안합니다. 첫 번째는 두 배열을 정렬한 후, 순차적으로 비교하여 차이를 찾는 방법입니다. 두 번째는 해시맵을 사용하여 참가자 이름의 해시 값을 저장하고, 완주자 배열의 해시 값을 빼는 방식으로 남은 해시 값을 통해 완주하지 못한 선수를 찾는 것입니다. 마지막으로, collections 모듈의 Counter 클래스를 활용하여 참가자와 완주자의 카운트를 비교하고, 차이를 통해 완주하지 못한 선수를 쉽게 찾는 방법이 있습니다.

- 참가자와 완주자 배열을 비교하여 차이를 찾는 문제.
- 세 가지 해결책: 정렬 후 비교, 해시맵 사용, Counter 클래스 활용.
- 동명인 문제는 큰 제약이 아님.
- 시간 복잡도: 정렬 방법 O(n log n), 해시 및 카운터 방법 O(n).

[tags] sorting, hash, Counter
[lang] python",,algorithm,26.0
"[""python""]",https://www.youtube.com/watch?v=ShXeNmIHtB0,"콜라 문제는 주어진 콜라병의 개수를 바탕으로 쿠폰을 통해 새로운 콜라를 받는 단순 구현 문제이다. 주어진 정수 n(초기 콜라병 개수), a(반납 시 필요한 콜라병 수), b(반납 시 받는 새로운 콜라 수)를 이용해, 반복적으로 콜라를 교환하는 과정을 구현한다. 첫 번째 풀이에서는 남은 콜라병이 a 이상일 때까지 반복하며, 매 턴마다 a개를 사용하고 b개를 추가하는 방식으로 진행된다. 두 번째 풀이에서는 한 턴을 현재 가진 콜라를 모두 소진하는 것으로 정의하여, 더 효율적으로 새로운 콜라를 계산한다.

이 문제는 구현 능력을 키우는 데 중요한 연습이 되며, 단순한 문제라도 실수가 발생할 수 있음을 강조한다. 따라서, 기본적인 구현을 통해 자신감을 얻고, 이후 최적화를 시도하는 것이 좋다.

- 핵심 체크포인트:
  - 콜라병 개수와 쿠폰 개수의 관계 이해
  - 반복문을 통한 조건 체크
  - 실수 방지를 위한 변수 관리
  - 최적화의 필요성 인식

[tags] 
[lang] python",,algorithm,27.0
"[""python""]",https://www.youtube.com/watch?v=d3R1s_OmwAk,"주어진 문제는 그래프 탐색 알고리즘인 DFS(깊이 우선 탐색)와 BFS(너비 우선 탐색)를 구현하는 것입니다. 입력으로 주어진 노드와 간선 정보를 바탕으로 그래프를 2차원 배열로 표현하고, 방문 여부를 기록하기 위한 비지티드 배열을 사용합니다. DFS는 재귀적으로 노드를 방문하며, 이미 방문한 노드는 건너뛰고, BFS는 큐를 사용하여 각 노드의 이웃을 차례로 방문합니다. 두 알고리즘 모두 방문 순서를 출력하며, DFS는 깊이 우선으로, BFS는 너비 우선으로 탐색합니다.

- DFS는 재귀적으로 호출되며, 방문한 노드를 기록합니다.
- BFS는 큐를 사용하여 노드를 순차적으로 방문합니다.
- 비지티드 배열은 방문 여부를 관리하는 데 필수적입니다.
- 그래프는 인접 행렬로 표현됩니다.
- 두 알고리즘 모두 노드 방문 순서를 출력합니다.

[tags] DFS, BFS
[lang] python",,algorithm,28.0
"[""python""]",https://www.youtube.com/watch?v=K1A7Zj_hoew,"이 문제는 백준 13905번 세부로, 그래프에서 집과 집을 연결하는 다리의 무게 제한을 고려하여 최대한 많은 빼빼로를 운반할 수 있는 경로를 찾는 문제입니다. 해결 방법으로는 BFS와 이분 탐색을 활용하는 방법, 최대 신장 트리를 이용하는 방법, 그리고 다익스트라 알고리즘을 응용하는 방법이 있습니다. BFS를 통해 특정 무게 제한에서 목적지에 도달할 수 있는지를 확인하고, 이분 탐색으로 가능한 최대 무게를 찾아냅니다. 최대 신장 트리 방법은 유니온-파인드 알고리즘을 사용하여 간선을 큰 것부터 연결하며, 다익스트라 알고리즘은 최대 힙을 이용해 각 지점에서 가장 많은 빼빼로를 운반할 수 있는 경로를 찾습니다.

- BFS와 이분 탐색을 통해 경로 탐색
- 유니온-파인드로 최대 신장 트리 구현
- 다익스트라 알고리즘의 변형 사용
- 시간 복잡도: BFS O(V + E), 이분 탐색 O(log K), 다익스트라 O(E log V)

[tags] BFS, Dijkstra, Union-Find, Binary Search
[lang] python",,algorithm,29.0
"[""python"", ""cpp"", ""java"", ""c""]",https://www.youtube.com/watch?v=zFL29ydL9D8,"해시는 키-값 쌍으로 데이터를 저장하는 자료구조로, 전화번호부와 유사한 개념이다. 해시는 문자열과 같은 다양한 데이터 타입을 키로 사용할 수 있어, 배열로는 접근할 수 없는 정보를 효율적으로 관리할 수 있다. 예를 들어, 마라톤 문제에서 완주하지 못한 선수를 찾기 위해 해시맵을 사용하면, 선수의 이름을 키로 하여 그들의 완주 여부를 쉽게 기록하고 조회할 수 있다. 해시를 사용할 때는 주로 문자열 기반의 정보를 다루는 문제에서 유용하며, 기본적으로 `put`, `get`, `getOrDefault` 세 가지 함수를 기억하면 된다.

- 해시는 키-값 쌍으로 구성된 자료구조이다.
- 문자열을 키로 사용하여 정보를 관리할 수 있다.
- 배열보다 효율적으로 데이터를 검색하고 수정할 수 있다.
- `put`, `get`, `getOrDefault` 함수가 핵심이다.
- 문자열 기반 문제에서 해시를 활용하는 것이 좋다.

[tags] 
[lang] unknown",,algorithm,30.0
"[""python"", ""cpp"", ""java"", ""c""]",https://www.youtube.com/watch?v=ygdfQDKLTD4,"깊이 우선 탐색(DFS)과 너비 우선 탐색(BFS)은 그래프 탐색의 두 가지 주요 방법입니다. DFS는 한 방향으로 최대한 깊이 탐색한 후, 더 이상 갈 수 없을 때 가장 가까운 갈림길로 돌아와 다른 방향을 탐색하는 방식입니다. 이 과정은 스택을 사용하여 구현되며, 방문한 노드를 기록하여 중복 방문을 방지합니다. 반면, BFS는 현재 위치에서 갈 수 있는 모든 노드를 한 번에 탐색하고, 큐를 사용하여 먼저 들어온 노드부터 처리하는 방식입니다. BFS는 모든 인접 노드를 탐색한 후, 다음 레벨의 노드로 이동합니다.

- DFS는 깊이를 우선시하여 탐색하며, 스택을 사용합니다.
- BFS는 너비를 우선시하여 탐색하며, 큐를 사용합니다.
- 두 알고리즘 모두 그래프의 모든 노드를 방문할 수 있습니다.
- DFS는 재귀적으로 구현할 수 있으며, BFS는 반복문을 사용하여 구현합니다.

[tags] DFS, BFS
[lang] unknown",,algorithm,31.0
"[""python""]",https://www.youtube.com/watch?v=yN6iRgv09mc,"너비 우선 탐색(BFS) 알고리즘은 그래프나 트리 구조에서 노드를 레벨 순서로 탐색하는 방법이다. 이 알고리즘은 루트 노드에서 시작하여 각 레벨의 모든 노드를 방문한 후 다음 레벨로 이동한다. BFS는 큐를 사용하여 구현되며, 방문한 노드를 기록하여 중복 방문을 방지한다. 예를 들어, 루트 노드 1에서 시작하여 자식 노드 2, 3, 4, 5를 큐에 추가하고, 각 노드를 방문하면서 자식 노드를 계속 큐에 추가하는 방식으로 진행된다.

BFS의 주요 특징은 다음과 같다:
- 각 레벨의 노드를 순차적으로 탐색한다.
- 큐를 사용하여 탐색 순서를 관리한다.
- 중복 방문을 방지하기 위해 방문한 노드를 기록한다.
- 그래프와 트리 모두에 적용 가능하다.

[tags] BFS, Queue
[lang] python",,algorithm,32.0
"[""python""]",https://www.youtube.com/watch?v=Cm3-AxNsQWg,"깊이 우선 탐색(DFS)은 그래프를 탐색하는 방법으로, 시작 노드에서 깊이 방향으로 탐색을 진행하며 더 이상 방문할 노드가 없을 경우 이전 노드로 돌아가 반복하는 방식이다. DFS는 재귀 호출 또는 스택을 사용하여 구현할 수 있으며, 인접 리스트나 인접 행렬로 그래프를 표현할 수 있다. 이 과정에서 방문 여부를 체크하기 위해 visited 배열을 사용하고, 인접 노드가 존재할 경우 DFS를 재귀적으로 호출하거나 스택에 추가하여 탐색을 계속한다.

DFS는 다양한 문제에 활용될 수 있으며, 예를 들어 플러드 필 알고리즘을 구현하거나 특정 시작점에서 도착점까지의 경로 존재 여부를 확인하는 데 사용된다. DFS의 시간 복잡도는 O(V + E)로, V는 정점의 수, E는 간선의 수를 의미한다.

- DFS는 깊이 우선 탐색 알고리즘이다.
- 재귀 호출 또는 스택을 사용하여 구현할 수 있다.
- 인접 리스트 또는 인접 행렬로 그래프를 표현할 수 있다.
- 방문 여부를 체크하기 위해 visited 배열을 사용한다.
- 다양한 문제에 활용 가능하다.

[tags] DFS, 그래프 탐색, 플러드 필 알고리즘
[lang] unknown",,algorithm,33.0
"[""python""]",https://www.youtube.com/watch?v=CnECo0rUbzo,"너비 우선 탐색(BFS) 알고리즘은 그래프의 모든 노드를 레벨 순서로 탐색하는 방법이다. 이 알고리즘은 큐와 방문한 노드를 저장할 리스트 또는 집합을 사용하여 구현된다. 시작 노드에서부터 인접한 노드를 큐에 추가하고, 큐에서 노드를 꺼내어 방문한 리스트에 추가하는 과정을 반복한다. 이때 이미 방문한 노드는 다시 큐에 추가하지 않도록 주의해야 한다. BFS는 그래프의 모든 노드를 탐색할 수 있도록 보장한다.

BFS의 구현 과정은 다음과 같다:
- 큐와 방문 리스트를 초기화한다.
- 시작 노드를 큐에 추가하고, 큐가 비어있지 않은 동안 반복한다.
- 큐에서 노드를 꺼내고, 해당 노드의 인접 노드를 확인하여 방문하지 않은 노드를 큐에 추가한다.
- 방문한 노드를 리스트에 추가한다.

이 알고리즘의 시간 복잡도는 O(V + E)로, V는 노드의 수, E는 간선의 수를 의미한다.

- BFS는 그래프와 트리 모두에 적용 가능하다.
- 큐를 사용하여 탐색 순서를 관리한다.
- 방문한 노드를 중복해서 추가하지 않도록 주의해야 한다.

[tags] BFS
[lang] python",,algorithm,34.0
"[""cpp""]",https://www.youtube.com/watch?v=9aHVA7mJcqQ,"완전탐색의 기본 코드에 대해 설명하며, 두 가지 예제를 통해 포문과 순열 구현을 다룬다. 첫 번째 예제는 포커카드 N장 중 2장을 선택하여 합이 M에 최대한 가까운 값을 찾는 문제로, 이중 포문을 사용하여 두 수가 겹치지 않도록 처리한다. 그러나 N이 10만 이상일 경우 시간 초과가 발생할 수 있다. 두 번째 예제는 n개의 정수로 이루어진 순열 중 사전 순으로 n번째 위치한 순열을 찾는 문제로, do while 문과 Permutation 함수를 활용하여 구현한다. 이 경우 n이 10 이상일 경우에도 시간 초과가 발생할 수 있다.

- 완전탐색은 문제에 따라 다양한 방식으로 구현 가능
- 이중 포문 사용 시 겹치지 않도록 주의
- 순열 문제는 n!의 시간 복잡도를 가짐
- do while 문과 Permutation 함수 활용 가능
- 입력값에 따라 시간 초과 주의 필요

[tags] 완전탐색, 이중 포문, 순열, Permutation
[lang] unknown",,algorithm,35.0
"[""java""]",https://www.youtube.com/watch?v=7OSsRByEwZs,"동혁이는 체스판과 피스를 발견했지만, 흰색 피스의 개수가 올바르지 않다. 체스는 총 16개의 피스로 구성되며, 각 피스의 올바른 개수는 킹 1개, 퀸 1개, 룩 2개, 비숍 2개, 나이트 2개, 폰 8개이다. 주어진 흰색 피스의 개수를 바탕으로, 올바른 세트를 만들기 위해 추가하거나 제거해야 할 피스의 개수를 계산하는 프로그램을 작성하는 것이 문제의 핵심이다. 

이 문제를 해결하기 위해서는 먼저 올바른 피스의 개수를 배열로 초기화한 후, 입력받은 피스의 개수와 비교하여 차이를 계산하면 된다. 이 차이를 출력하면 문제를 해결할 수 있다. 입력은 0에서 10 사이의 정수로 주어지며, 각 피스의 개수를 순서대로 입력받아야 한다.

- 체스 피스의 올바른 개수를 배열로 초기화
- 입력받은 피스 개수와 비교하여 차이 계산
- 양수는 추가해야 할 개수, 음수는 제거해야 할 개수
- 출력 형식에 주의 (줄바꿈 처리)

[tags] 
[lang] java",,algorithm,36.0
"[""java""]",https://www.youtube.com/watch?v=rTk9dewULy8,"너비 우선 탐색(BFS)은 그래프나 트리 데이터 구조를 탐색하는 알고리즘으로, 시작 노드에서 인접한 모든 노드를 먼저 방문한 후 다음 레벨의 노드로 이동하는 방식이다. BFS는 큐를 사용하여 구현되며, 그래프에서는 사이클이 존재할 수 있으므로 방문한 노드를 추적하기 위해 불리언 배열을 사용해야 한다. 예를 들어, 노드 0에서 시작하여 인접한 노드 1과 2를 큐에 추가하고, 이들을 방문한 후 다음 노드로 넘어가는 방식으로 진행된다.

BFS의 주요 특징은 다음과 같다:
- 큐를 사용하여 노드를 관리한다.
- 그래프에서는 사이클을 피하기 위해 방문한 노드를 기록해야 한다.
- 인접 리스트를 사용하여 그래프를 표현할 수 있다.
- 시작 노드는 임의로 선택할 수 있다.

[tags] BFS, 그래프, 큐
[lang] unknown",,algorithm,37.0
"[""python""]",https://www.youtube.com/watch?v=bTMV-VeaTws,"스파이가 다양한 의상을 조합하여 위장하는 문제를 해결하기 위해, 의상의 종류별로 개수를 세고 조합의 수를 계산하는 방법을 설명한다. 주어진 의상 목록에서 각 의상의 종류를 해시맵이나 카운터를 사용하여 분류하고, 각 종류별로 입지 않는 경우를 포함하여 조합의 수를 계산한다. 최종적으로는 아무것도 입지 않는 경우를 제외하여 유효한 조합의 수를 도출한다. 이 과정에서 해시맵의 활용, 카운터의 사용, 그리고 리듀스 함수를 통한 누적 계산 방법을 배운다.

- 의상을 종류별로 분류하여 해시맵 또는 카운터 생성
- 입지 않는 경우를 포함하여 조합 수 계산
- 최소 1개 이상의 의상 착용 조건 고려
- 해시맵.get() 메서드 활용
- 리듀스 함수를 통한 누적 계산

[tags] HashMap, Counter, Reduce, Combinatorics
[lang] python",,algorithm,38.0
"[""java""]",https://www.youtube.com/watch?v=GAtyPIM9TP8,"트리 순회(Tree Traversal)는 트리 구조에서 노드를 탐색하는 방법으로, 주로 넓이 우선 탐색(Breadth-First Search, BFS)과 깊이 우선 탐색(Depth-First Search, DFS)으로 나뉜다. BFS는 루트 노드에서 시작하여 각 레벨을 차례로 탐색하며, 큐를 사용하여 노드를 저장하고 결과를 배열에 담는다. 반면, DFS는 노드를 깊게 탐색하며, Pre-Order, In-Order, Post-Order의 세 가지 방식으로 구현된다. Pre-Order는 루트 노드를 먼저 방문하고, In-Order는 왼쪽 자식 노드를 먼저 방문한 후 루트, 오른쪽 자식 순으로 탐색하며, Post-Order는 모든 자식 노드를 탐색한 후 루트 노드를 방문한다.

- BFS는 큐를 사용하여 레벨 순서로 탐색한다.
- DFS는 재귀를 통해 깊이 있게 탐색하며, 세 가지 방식이 있다.
- 각 탐색 방식은 결과를 배열에 저장하는 방식이 다르다.
- BFS의 시간 복잡도는 O(V + E), DFS는 O(V)이다.

[tags] BFS, DFS, Pre-Order, In-Order, Post-Order
[lang] unknown",,algorithm,39.0
"[""java""]",https://www.youtube.com/watch?v=x8Zwup81DlA,"그래프 탐색 알고리즘에는 깊이 우선 탐색(DFS)과 너비 우선 탐색(BFS) 두 가지가 있다. DFS는 스택을 사용하여 구현되며, 가장 최근에 추가된 노드를 먼저 방문하는 방식으로 작동한다. 반면 BFS는 큐를 사용하여 구현되며, 가까운 노드부터 차례로 방문하는 방식이다. 두 알고리즘 모두 그래프의 노드를 탐색하는 데 사용되며, 인접한 노드들을 어떻게 푸시하고 팝하는지에 따라 탐색 순서가 달라질 수 있다.

DFS는 스택을 통해 인접 노드를 푸시하고, 팝할 때마다 방문한 노드를 기록한다. BFS는 큐를 통해 인접 노드를 인큐하고, 디큐할 때마다 방문한 노드를 기록한다. 이 두 알고리즘은 그래프의 구조에 따라 다양한 방식으로 구현될 수 있으며, 각기 다른 탐색 결과를 생성할 수 있다.

- DFS는 스택을 사용하여 깊이 우선으로 탐색한다.
- BFS는 큐를 사용하여 너비 우선으로 탐색한다.
- 탐색 순서는 인접 노드를 푸시하는 순서에 따라 달라질 수 있다.
- 그래프는 배열 또는 인접 리스트로 표현할 수 있다.
- 방문한 노드는 다시 방문하지 않도록 관리해야 한다.

[tags] DFS, BFS
[lang] unknown",,algorithm,40.0
"[""java""]",https://www.youtube.com/watch?v=i2C4hW-c0m4,"주어진 문제는 특정 연도가 윷년인지 판단하는 프로그램을 작성하는 것입니다. 윷년의 조건은 연도가 4의 배수이면서 100의 배수가 아니거나, 400의 배수일 때입니다. 입력으로 주어진 연도를 스캐너를 통해 받아온 후, 조건문을 사용하여 윷년인지 확인하고, 결과에 따라 1 또는 0을 출력합니다. 예를 들어, 2012년은 윷년이므로 1을 출력하고, 1900년은 윷년이 아니므로 0을 출력합니다.

또한, 두 번째 문제는 1부터 n까지의 합을 구하는 프로그램으로, n은 1 이상 10,000 이하의 자연수입니다. 이 문제는 단순한 for문을 사용하여 해결할 수 있으며, 입력받은 n에 대해 1부터 n까지의 합을 계산하여 출력합니다. 두 문제 모두 기본적인 조건문과 반복문을 활용하여 해결할 수 있습니다.

- 윷년 조건: 4의 배수이면서 100의 배수가 아니거나 400의 배수
- 입력 범위: 1 ≤ 연도 ≤ 4000, 1 ≤ n ≤ 10,000
- 출력: 윷년이면 1, 아니면 0 / 1부터 n까지의 합

[tags] 
""조건문"", ""반복문"", ""입출력""
[lang] java",,algorithm,41.0
"[""cpp""]",https://www.youtube.com/watch?v=ftOmGdm95XI,"BFS(너비 우선 탐색)는 그래프의 모든 노드를 방문하기 위한 알고리즘으로, 주어진 문제를 해결하기 위해 상하좌우로 인접한 노드를 탐색하는 방식으로 작동합니다. 이 강의에서는 BFS를 활용하여 Flood Fill 기능을 구현하는 방법을 설명합니다. Flood Fill은 특정 색상의 영역을 한 번에 변경하는 기능으로, BFS를 통해 클릭한 위치와 연결된 모든 같은 색상의 칸을 탐색하여 색을 변경할 수 있습니다. BFS의 시간 복잡도는 O(N)이며, N은 방문하는 칸의 수입니다.

BFS를 구현할 때 주의할 점은 시작점을 큐에 넣고 방문 표시를 남기는 것입니다. 이를 통해 중복 방문을 방지할 수 있습니다. 또한, BFS는 다양한 문제에 응용될 수 있으며, 예를 들어 미로 탐색, 그림 찾기, 토마토 문제 등에서 최단 경로를 찾는 데 유용합니다. BFS의 기본 틀을 익히고 다양한 문제를 풀어보는 것이 중요합니다.

- BFS는 그래프 탐색 알고리즘이다.
- Flood Fill 기능을 구현할 수 있다.
- 시간 복잡도는 O(N)이다.
- 시작점 방문 표시를 잊지 말아야 한다.
- 다양한 문제에 응용 가능하다.

[tags] BFS, Flood Fill, 그래프 탐색
[lang] unknown",,algorithm,42.0
"[""java""]",https://www.youtube.com/watch?v=lq85zEW1S_s,"이진트리는 각 노드가 최대 두 개의 자식을 가지는 트리 구조로, 높이가 n인 이진트리의 최대 노드 개수는 \(2^n - 1\)입니다. 이진트리는 정의 이진트리, 포화 이진트리, 완전 이진트리, 사양 이진트리의 네 가지 유형으로 나뉘며, 각 유형은 자식 노드의 수와 깊이에 따라 구분됩니다. 예를 들어, 정의 이진트리는 모든 노드가 0 또는 2개의 자식을 가지며, 포화 이진트리는 모든 단말 노드의 깊이가 동일한 트리입니다.

이진트리는 링크드 리스트 형태로 구현할 수 있으며, 노드 클래스는 데이터와 왼쪽, 오른쪽 자식 노드의 주소를 포함합니다. 이진트리의 순회 방법에는 전위 순회, 중위 순회, 후위 순회가 있으며, 각 순회는 노드를 방문하는 순서에 따라 다릅니다. 이러한 순회 방법은 재귀적으로 구현할 수 있으며, 각 순회 방식에 따라 노드를 방문하는 순서가 달라집니다.

- 이진트리의 최대 노드 개수는 \(2^n - 1\)이다.
- 이진트리의 종류는 정의, 포화, 완전, 사양 이진트리로 나뉜다.
- 링크드 리스트로 이진트리를 구현할 수 있다.
- 이진트리의 순회 방법은 전위, 중위, 후위 순회가 있다.

[tags] 이진트리, 전위 순회, 중위 순회, 후위 순회
[lang] unknown",,algorithm,43.0
"[""python""]",https://www.youtube.com/watch?v=WooOuXIiRjE,"트리는 문자열을 저장하기 위한 데이터 구조인 트라이(Trie)에 대해 설명한다. 트라이는 문자열의 공통된 접두사를 공유하는 노드들로 구성되어 있으며, 각 노드는 알파벳을 가리키는 포인터를 포함한다. 예를 들어, ""baby"", ""bool"", ""tree"", ""try""와 같은 단어를 저장할 때, 루트 노드에서 시작하여 각 알파벳에 따라 하위 노드로 이동하며 문자열을 구성한다. 이 구조는 문자열 자동 완성 기능과 같은 다양한 응용 프로그램에서 유용하게 사용된다.

트라이에서 문자열을 찾는 연산의 시간 복잡도는 O(m)으로, 여기서 m은 찾고자 하는 문자열의 길이이다. 문자열을 추가하는 연산도 동일한 시간 복잡도를 가진다. 트라이의 노드는 배열이나 해시맵으로 구현할 수 있으며, 각 노드는 알파벳의 끝을 나타내는 is-end 속성을 가진다. 또한, 마침표를 포함한 검색 기능을 통해 모든 경로를 탐색할 수 있는 방법도 설명된다.

- 트라이는 문자열의 공통 접두사를 공유하는 트리 구조이다.
- 문자열 검색 및 추가의 시간 복잡도는 O(m)이다.
- 노드는 배열 또는 해시맵으로 구현할 수 있다.
- 마침표를 포함한 검색 기능이 가능하다.

[tags] Trie, 문자열 검색, 데이터 구조
[lang] unknown",,algorithm,44.0
"[""java""]",https://www.youtube.com/watch?v=P70dOq-tU-Y,"최선우선 탐색(Best-First Search) 알고리즘은 최적의 해에 빠르게 도달하기 위한 탐색 전략으로, 주어진 상태에서 가장 유망한 노드를 우선적으로 확장하는 방식입니다. 이 알고리즘은 너비우선 탐색(BFS)과 깊이우선 탐색(DFS)의 개념을 바탕으로 하며, 특히 우선순위 큐를 사용하여 노드를 관리합니다. 노드의 한계값(bound)을 계산하여, 가장 유망한 노드를 선택하고 이를 기반으로 탐색을 진행합니다. 이 과정에서 힙 자료구조를 활용하여 효율적으로 노드를 관리하고, 최적의 해를 찾기 위해 계속해서 노드를 확장합니다.

- 최선우선 탐색은 유망한 노드를 우선적으로 선택하여 탐색.
- 우선순위 큐를 사용하여 노드를 관리하고, 힙을 통해 효율적인 탐색 가능.
- 각 노드는 가치(value), 무게(weight), 한계값(bound)을 가지고 관리됨.
- 탐색 과정에서 현재까지의 최적 해(best)를 지속적으로 업데이트.

[tags] Best-First Search, Priority Queue, Heap
[lang] unknown",,algorithm,45.0
"[""cpp""]",https://www.youtube.com/watch?v=pbPX0EGi3TQ,"깊이 우선 탐색(DFS)과 너비 우선 탐색(BFS)은 트리나 그래프와 같은 비선형 구조를 탐색하는 두 가지 기본적인 방법이다. DFS는 한 정점을 방문한 후 연결된 다른 정점으로 깊이 들어가며, 더 이상 방문할 곳이 없으면 이전 상태로 돌아가 다시 탐색을 계속하는 방식이다. 반면 BFS는 방문한 정점에서 연결된 정점들을 순서대로 큐에 저장하고, 가장 먼저 방문한 정점부터 차례로 탐색하는 방법이다. DFS는 재귀 호출을 통해 스택 구조를 활용하고, BFS는 큐를 사용하여 탐색 순서를 관리한다.

이 두 가지 방법은 다양한 문제 해결에 활용될 수 있으며, 특히 DFS는 백트래킹 기법과 결합하여 복잡한 문제를 해결하는 데 유용하다. 예를 들어, 두더지굴 문제에서는 DFS를 통해 연결된 1의 개수를 세고, 그 크기를 정렬하여 출력하는 방식으로 문제를 해결할 수 있다. BFS 또한 유사한 방식으로 문제를 해결할 수 있다.

- DFS는 깊이 우선으로 탐색하며, 스택 구조를 사용한다.
- BFS는 너비 우선으로 탐색하며, 큐 구조를 사용한다.
- 두 방법 모두 비선형 구조의 모든 정점을 방문하는 데 효과적이다.
- DFS는 백트래킹과 결합하여 복잡한 문제를 해결할 수 있다.
- BFS는 같은 깊이의 정점을 먼저 방문하는 특성이 있다.

[tags] DFS, BFS, Backtracking
[lang] unknown",,algorithm,46.0
"[""cpp""]",https://www.youtube.com/watch?v=BStHJOq_mnY,"깊이 우선 탐색(DFS)과 너비 우선 탐색(BFS)의 차이점에 대해 설명하고, 각각의 탐색 방법을 적용한 예시를 통해 방문 순서를 도출하는 과정을 다룬다. DFS는 스택을 사용하여 깊이 있게 탐색하며, 더 이상 갈 곳이 없을 때 백트래킹을 통해 이전 노드로 돌아간다. 반면 BFS는 큐를 사용하여 넓게 탐색하며, 인접한 노드를 차례로 방문한다. 

예시로 주어진 그래프에서 DFS를 통해 A, B, E, F, G, C, D의 순서로 방문하게 되며, BFS를 통해서는 A, B, C, D, E, F, G의 순서로 방문하게 된다. 이 과정에서 각 탐색 방법의 특징과 사용 조건을 명확히 이해하는 것이 중요하다.

- DFS는 스택을 사용하고, BFS는 큐를 사용한다.
- DFS는 깊이 있게 탐색하며 백트래킹을 수행한다.
- BFS는 인접 노드를 차례로 방문한다.
- 방문 순서는 탐색 방법에 따라 달라진다.

[tags] DFS, BFS
[lang] unknown",,algorithm,47.0
"[""java""]",https://www.youtube.com/watch?v=y4dWsmd7Gqg,"너비 우선 탐색(BFS)의 구현 방법에 대해 설명한다. BFS를 실행하기 위해서는 먼저 그래프의 정점과 간선을 정의해야 하며, 이를 위해 노드 클래스를 생성한다. 각 노드는 정수 값을 가지며, 인접한 노드들의 리스트를 포함한다. BFS의 핵심은 큐를 사용하여 탐색할 노드를 관리하고, 해시셋을 통해 이미 방문한 노드를 추적하는 것이다.

BFS의 구현 과정은 다음과 같다. 시작 노드를 큐에 추가하고, 큐가 비어있지 않은 동안 반복하여 노드를 방문한다. 현재 노드의 값이 목표 값과 일치하면 true를 반환하고, 그렇지 않으면 자식 노드를 확인하여 방문하지 않은 노드를 큐에 추가한다. 모든 노드를 탐색한 후에도 목표 노드를 찾지 못하면 false를 반환한다. 이 알고리즘은 최악의 경우 O(V + E)의 시간 복잡도를 가진다.

- 그래프의 정점과 간선 정의
- 노드 클래스 생성
- 큐와 해시셋 사용
- 탐색 과정: 시작 노드 추가 → 큐 반복 → 목표 노드 확인
- 시간 복잡도: O(V + E)

[tags] BFS
[lang] java",,algorithm,48.0
"[""java""]",https://www.youtube.com/watch?v=kkDwvvzTAa8,"너비 우선 탐색(BFS) 알고리즘은 트리를 레벨별로 탐색하는 방법으로, 먼저 같은 레벨의 모든 노드를 방문한 후 다음 레벨로 이동한다. 이 알고리즘을 구현하기 위해, 먼저 트리 구조를 정의하고 각 노드의 값을 가져오거나 자식 노드를 추가하는 메서드를 만든다. BFS는 큐를 사용하여 탐색을 진행하며, 루트 노드부터 시작해 큐에 자식 노드를 추가하고, 큐가 비어있지 않은 동안 반복적으로 노드를 방문한다.

BFS의 주요 흐름은 다음과 같다. 루트 노드를 큐에 추가하고, 큐에서 노드를 하나씩 꺼내어 해당 노드의 값을 확인한다. 찾고자 하는 값이 아닐 경우, 그 노드의 자식 노드를 큐에 추가한다. 이 과정을 반복하여 원하는 값을 찾거나 큐가 비어질 때까지 진행한다. BFS는 모든 노드를 레벨별로 탐색하기 때문에, 깊이 우선 탐색(DFS)과는 다른 방식으로 동작한다.

- BFS는 큐를 사용하여 레벨별로 노드를 탐색한다.
- 각 노드는 자식 노드를 큐에 추가하여 다음 탐색을 준비한다.
- 탐색 중 찾고자 하는 값을 발견하면 즉시 종료한다.
- BFS는 트리 구조에서 효과적으로 사용된다.

[tags] BFS, Tree, Queue
[lang] java",,algorithm,49.0
"[""java""]",https://www.youtube.com/watch?v=r3iW552f-kk,"이진 검색 트리를 구성하는 배열을 찾는 알고리즘은 주어진 트리 구조를 기반으로 가능한 모든 배열의 조합을 생성하는 방법을 설명합니다. 이진 검색 트리는 각 노드의 왼쪽 자식은 부모보다 작고, 오른쪽 자식은 부모보다 큰 특성을 가집니다. 알고리즘은 먼저 루트 노드를 고정하고, 그 후 왼쪽과 오른쪽 서브트리의 노드들을 순서에 맞게 배열하여 가능한 모든 조합을 생성합니다. 이 과정에서 각 서브트리의 경우의 수를 조합하여 최종 배열을 도출합니다.

- 루트 노드는 항상 첫 번째로 선택되어야 함.
- 왼쪽과 오른쪽 서브트리의 노드들은 서로의 순서에 영향을 미치지 않음.
- 각 서브트리에서 가능한 모든 조합을 생성하여 결과를 누적함.
- 선택의 기로에서 두 가지 경우를 모두 탐색하여 모든 배열을 찾음.
- 복잡도는 트리의 구조에 따라 다르며, 경우의 수가 기하급수적으로 증가할 수 있음.

[tags] 
[""Binary Search Tree"", ""Backtracking"", ""Recursion""]
[lang] unknown",,algorithm,50.0
"[""cpp""]",https://www.youtube.com/watch?v=l0Rsu7dziws,"깊이 우선 탐색(DFS)은 그래프 탐색 알고리즘으로, 스택을 사용하여 각 노드를 탐색하는 방식입니다. DFS는 시작 노드를 스택에 넣고, 스택의 최상단 노드를 꺼내어 그 노드의 인접 노드 중 방문하지 않은 노드를 스택에 추가하며 탐색을 진행합니다. 만약 방문하지 않은 인접 노드가 없다면, 스택에서 노드를 제거하고 이전 노드로 돌아갑니다. 이 과정을 반복하여 모든 노드를 탐색하게 됩니다. DFS는 재귀 함수를 사용하여 구현할 수 있으며, 이는 내부적으로 스택 프레임을 활용하는 방식입니다.

DFS의 주요 특징은 다음과 같습니다:
- 스택을 사용하여 깊이 우선으로 탐색.
- 재귀 함수를 통해 간결하게 구현 가능.
- 그래프의 모든 노드를 방문할 수 있음.
- 너비 우선 탐색(BFS)과는 다른 탐색 순서.

[tags] DFS
[lang] unknown",,algorithm,51.0
"[""java""]",https://www.youtube.com/watch?v=7Cox-J7onXw,"너비 우선 탐색(BFS)은 트리나 그래프 데이터 구조를 탐색하는 알고리즘으로, 깊이 우선 탐색(DFS)과 달리 한 번에 한 레벨씩 탐색한다. BFS는 큐를 사용하여 방문하지 않은 노드를 추가하고, 현재 노드의 인접한 이웃을 큐에 추가하는 방식으로 진행된다. 예를 들어, 노드 A에서 시작하여 인접한 노드 B와 D를 큐에 추가하고, 그 다음 레벨의 이웃 노드 C, E, G를 추가하는 식이다. 이 과정을 반복하여 모든 노드를 탐색한다.

BFS는 그래프의 레벨을 기준으로 탐색하므로, 목표 노드가 시작 노드와 가까운 경우에 유리하다. 반면, DFS는 스택을 사용하여 한 가지 경로를 끝까지 탐색한 후 다른 경로로 이동하는 방식이다. BFS와 DFS의 주요 차이점은 탐색 순서와 사용되는 자료구조에 있으며, 게임 개발에서는 DFS가 더 많이 사용된다.

- BFS는 큐를 사용하여 레벨 단위로 탐색한다.
- DFS는 스택을 사용하여 경로 단위로 탐색한다.
- BFS는 목표 노드가 가까울 때 유리하다.
- BFS는 형제 노드를 먼저 방문하고, DFS는 자식 노드를 먼저 방문한다.

[tags] BFS, 그래프 탐색, 큐, DFS
[lang] unknown",,algorithm,52.0
"[""python"", ""cpp"", ""java"", ""c""]",https://www.youtube.com/watch?v=KoX1arfQA0Y,"너비 우선 탐색(BFS)은 그래프를 탐색하는 기법으로, 큐(Queue) 자료구조를 사용하여 구현된다. BFS는 시작 노드에서 인접한 노드를 차례로 방문하며, 각 레벨을 완전히 탐색한 후 다음 레벨로 이동하는 방식으로 진행된다. 이 과정에서 각 노드는 한 번만 방문하며, 큐의 앞에서 노드를 제거하고, 그 노드의 인접 노드를 큐의 뒤에 추가하는 방식으로 탐색이 이루어진다.

BFS의 주요 단계는 다음과 같다:
- 시작 노드를 큐에 삽입하고, 큐에서 노드를 제거하여 방문 리스트에 추가한다.
- 제거한 노드의 인접 노드를 큐에 추가한다.
- 이 과정을 큐가 비어있을 때까지 반복한다.

BFS의 시간 복잡도는 O(V + E)로, V는 정점의 수, E는 간선의 수를 나타낸다. 이 알고리즘은 그래프의 모든 노드를 레벨별로 탐색할 때 유용하다.

- BFS는 큐를 사용하여 구현된다.
- 각 노드는 한 번만 방문된다.
- 레벨 순서로 노드를 탐색한다.
- 시간 복잡도는 O(V + E)이다.

[tags] BFS, Queue
[lang] unknown",,algorithm,53.0
"[""python"", ""cpp"", ""java"", ""c""]",https://www.youtube.com/watch?v=_I401xw0irg,"너비 우선 탐색(BFS) 알고리즘은 그래프의 탐색 기법으로, 루트 노드에서 시작하여 인접한 노드를 차례로 방문하는 방식으로 작동한다. BFS는 큐 자료구조를 사용하여 방문한 노드와 미방문 노드를 관리하며, 모든 인접 노드를 탐색한 후 다음 노드로 이동한다. 이 과정은 원하는 노드를 찾을 때까지 반복된다. 예를 들어, 노드 A에서 시작하여 인접한 노드 B와 C를 큐에 추가하고, 이후 B를 방문한 후 D를, D에서 E를 방문하는 식으로 진행된다. 

BFS 알고리즘의 구현은 C 언어로 이루어지며, 2차원 배열을 사용하여 그래프를 표현하고, 방문 여부를 기록하는 배열을 활용한다. 사용자는 그래프의 정점 수와 인접 행렬을 입력하여 BFS를 실행하고, 특정 시작 노드에서 도달 가능한 모든 노드를 출력할 수 있다.

- BFS는 큐를 사용하여 노드를 관리한다.
- 인접 노드를 차례로 탐색하며, 모든 노드를 방문할 때까지 반복한다.
- C 언어로 구현되며, 2차원 배열을 사용하여 그래프를 표현한다.
- 사용자가 입력한 정점 수에 따라 동작한다.

[tags] BFS
[lang] c",,algorithm,54.0
"[""cpp"",""java""]",https://www.youtube.com/watch?v=kmBJ7IJR_pQ,"너비 우선 탐색(BFS)은 그래프를 레벨별로 탐색하는 알고리즘으로, 주어진 노드에서 시작하여 인접한 노드를 차례로 방문하는 방식이다. BFS는 큐를 사용하여 현재 노드의 이웃을 저장하고, 방문한 노드는 다시 방문하지 않도록 관리한다. 이 알고리즘은 그래프의 모든 노드를 한 번씩 방문하며, 시간 복잡도는 O(N + E)로, 여기서 N은 노드의 수, E는 간선의 수를 의미한다. 공간 복잡도 또한 O(N + E)로, 방문 배열과 큐를 포함한다.

BFS의 기본 흐름은 다음과 같다:
- 시작 노드를 큐에 추가하고 방문 표시.
- 큐에서 노드를 꺼내고, 그 노드의 이웃을 확인.
- 이웃 중 방문하지 않은 노드를 큐에 추가하고 방문 표시.
- 큐가 비어질 때까지 이 과정을 반복.

BFS는 다양한 문제에 적용 가능하며, 기본적인 BFS 코드를 수정하여 다양한 문제를 해결할 수 있다.

[tags] BFS
[lang] unknown",,algorithm,55.0
"[""python"", ""cpp"", ""java"", ""c""]",https://www.youtube.com/watch?v=IWc2NU1yrik,"그래프의 탐색 알고리즘인 BFS와 DFS를 사용하여 연결되지 않은 그래프를 탐색하는 방법에 대해 설명한다. 연결되지 않은 그래프는 여러 개의 컴포넌트로 나뉘어 있으며, 각 컴포넌트는 서로 연결되어 있지 않다. 이 문제를 해결하기 위해서는 각 노드를 방문했는지 확인하고, 방문하지 않은 노드에서 BFS 또는 DFS를 시작해야 한다. 이를 통해 모든 노드를 탐색할 수 있다.

주요 포인트는 다음과 같다:
- BFS와 DFS는 시작 노드에서 연결된 모든 노드를 탐색한다.
- 연결되지 않은 그래프에서는 각 컴포넌트의 시작 노드를 반복적으로 선택해야 한다.
- 방문 여부를 체크하여 이미 방문한 노드는 건너뛰고, 방문하지 않은 노드에서 탐색을 시작한다.
- 코드에서의 변경은 시작 노드를 하드코딩하는 대신 반복문을 사용하여 동적으로 설정하는 것이다.

[tags] BFS, DFS
[lang] unknown",,algorithm,56.0
['java'],https://www.youtube.com/watch?v=Z27rnUEO1R0,"깊이 우선 탐색(DFS)은 스택 구조를 기반으로 하여 데이터를 탐색하는 방법으로, 가능한 한 깊게 탐색한 후 더 이상 진행할 수 없을 때 돌아와서 다른 경로를 탐색하는 방식이다. 이 알고리즘은 그래프나 트리 구조에서 사용되며, 미로 탈출 문제와 같은 다양한 문제를 해결하는 데 활용된다. DFS는 재귀적으로 구현할 수 있으며, 방문한 경로를 기록하고, 벽이나 이미 방문한 경로를 피하는 방식으로 진행된다.

DFS의 주요 특징은 다음과 같다:
- 후입 선출(LIFO) 방식으로 탐색.
- 깊게 들어가다가 막히면 돌아와서 다른 경로 탐색.
- 그래프의 정점과 간선으로 표현된 데이터 구조에서 사용.
- 미로와 같은 문제에서 출발점(S)에서 도착점(E)까지의 경로를 찾는 데 유용.

[tags] DFS, 그래프, 재귀
[lang] unknown",,algorithm,57.0
['c'],https://www.youtube.com/watch?v=RNU2j-l6mCM,"DFS(Depth-First Search) 알고리즘은 문제 해결에 필수적인 기법으로, 주사위를 n번 던져 나올 수 있는 모든 경우를 출력하는 문제를 통해 설명된다. 주사위의 각 면(1~6)을 깊이 우선 탐색 방식으로 탐색하며, 입력값 n에 따라 재귀적으로 DFS를 호출하여 모든 조합을 생성한다. 이 과정에서 깊이(Depth)는 재귀 호출의 깊이를 나타내며, 각 호출에서 1부터 6까지의 숫자를 나열하는 방식으로 진행된다. DFS를 사용하지 않으면 중첩된 반복문을 사용해야 하므로 비효율적이다.

DFS는 그래프 문제에서도 유용하게 사용되며, 방문한 노드를 기록하여 중복 방문을 방지하는 것이 중요하다. 이 알고리즘은 스택을 활용하여 구현되며, 각 노드에서 연결된 노드를 탐색하는 방식으로 진행된다. DFS의 시간 복잡도는 O(V + E)로, V는 정점의 수, E는 간선의 수를 의미한다.

- DFS는 재귀 호출을 통해 깊이 우선 탐색을 수행한다.
- 주사위 문제는 n에 따라 조합의 수가 증가한다.
- 그래프 문제에서도 DFS를 활용하여 연결된 노드를 탐색한다.
- 방문한 노드를 기록하여 중복 방문을 방지해야 한다.

[tags] DFS, 그래프
[lang] unknown",,algorithm,58.0
"[""java""]",https://www.youtube.com/watch?v=sN8IVvzF3zI,"주어진 문제는 1부터 n까지의 수를 이어서 썼을 때, 그 수의 자릿수를 구하는 것입니다. 이 문제를 해결하기 위해서는 각 자릿수 범위에 따라 수의 개수를 계산하고, 각 범위의 자릿수를 곱하여 총합을 구하는 방식으로 접근합니다. 예를 들어, 1부터 9까지는 9개의 수가 1자리, 10부터 99까지는 90개의 수가 2자리, 100부터 n까지는 3자리로 계산하여 자릿수를 합산합니다. 이 과정에서 n의 범위에 따라 반복문을 사용하여 효율적으로 계산할 수 있습니다.

- 1부터 n까지의 수를 이어서 썼을 때 자릿수 계산
- 자릿수 범위에 따라 수의 개수와 자릿수 곱하기
- 반복문을 통해 효율적으로 계산
- 시간 복잡도는 O(log n)으로 빠름

[tags] 
[""Math"", ""Loop"", ""Counting""]
[lang] java",,algorithm,59.0
"[""java""]",https://www.youtube.com/watch?v=9Oev6UgLhiI,"너비 우선 탐색(BFS) 알고리즘은 그래프의 모든 정점과 간선을 한 번씩 방문하는 방법으로, 시작 정점을 선택한 후 그 정점의 이웃을 먼저 탐색하고, 다음 깊이의 정점으로 이동하는 방식으로 진행된다. BFS는 정점을 '방문한' 것과 '방문하지 않은' 것으로 구분하여, 각 정점을 한 번만 방문하도록 설계되어 있다. 이 알고리즘은 큐를 사용하여 구현되며, 정점이 발견되면 큐에 추가되고, 큐가 비어질 때까지 이 과정을 반복한다.

BFS 구현 시 주의할 점은 사이클이 있는 그래프에서 무한 루프에 빠지지 않도록 방문하지 않은 정점만 큐에 추가해야 한다는 것이다. 이를 통해 그래프의 모든 정점을 올바른 순서로 탐색할 수 있다. BFS는 일반적으로 그래프의 최단 경로를 찾거나, 연결 요소를 탐색하는 데 유용하다.

- BFS는 시작 정점에서 이웃 정점으로 탐색을 진행한다.
- 큐를 사용하여 정점을 관리하며, 방문한 정점은 다시 큐에 추가하지 않는다.
- 사이클이 있는 그래프에서는 무한 루프를 방지하기 위해 방문 여부를 체크해야 한다.

[tags] BFS
[lang] unknown",,algorithm,60.0
"[""cpp""]",https://www.youtube.com/watch?v=cDS5ZTeANZM,"너비 우선 탐색(BFS) 알고리즘은 그래프 탐색 기법으로, 주어진 정점에서 시작하여 현재 깊이의 모든 이웃을 탐색한 후 다음 깊이로 이동하는 방식으로 작동한다. 이 알고리즘은 주로 비가중 그래프나 트리에서 목표 노드에 도달하기 위한 최단 경로를 찾는 데 사용된다. 예를 들어, n개의 정점과 m개의 간선을 가진 비가중 그래프에서 출발 정점에서 목표 정점까지의 최단 경로를 찾기 위해 BFS를 적용할 수 있다. 이 과정에서 방문한 정점과 출발 정점으로부터의 거리를 추적하기 위해 두 개의 배열(visited, distance)을 사용하고, 큐 자료구조를 활용하여 구현한다.

BFS 알고리즘의 시간 복잡도는 O(m + n)으로, 이는 각 정점과 간선을 최대 한 번씩 방문하기 때문이다. 작은 입력에 대해서는 효과적이지만, 큰 입력에 대해서는 비현실적일 수 있다. BFS는 강력한 그래프 탐색 알고리즘으로, 비가중 그래프에서 최단 경로를 찾는 데 유용하다.

- BFS는 그래프의 모든 이웃을 탐색한다.
- 큐 자료구조를 사용하여 구현한다.
- 시간 복잡도는 O(m + n)이다.
- 비가중 그래프에서 최단 경로를 찾는 데 적합하다.
- 큰 입력에 대해서는 비효율적일 수 있다.

[tags] BFS, 그래프 탐색, 큐
[lang] cpp",,algorithm,61.0
"[""python"", ""cpp"", ""java"", ""c""]",https://www.youtube.com/watch?v=aFpHhmMl9hg,"너비 우선 탐색(BFS)은 목표에 도달하기 위해 정보를 사용하지 않고 노드를 하나씩 탐색하는 비정보 탐색 알고리즘이다. 이 방법은 모든 노드를 순차적으로 방문하며, 각 노드의 자식 노드를 큐에 추가하여 탐색을 진행한다. BFS는 구현이 간단하지만, 메모리 효율성이 떨어지고 대규모 탐색 공간에서는 시간이 많이 소요될 수 있다. 

BFS의 기본 흐름은 다음과 같다:
- 시작 노드에서 시작하여 너비 방향으로 탐색.
- 큐를 사용하여 방문할 노드를 관리하고, FIFO(선입선출) 방식으로 노드를 처리.
- 목표 노드에 도달할 때까지 모든 자식 노드를 탐색.

BFS는 최적의 경로를 보장하지 않지만, 단순한 구조로 인해 많은 경우에 유용하게 사용된다.

- BFS는 비정보 탐색 알고리즘이다.
- 큐를 사용하여 노드를 관리한다.
- 메모리와 시간 효율성이 낮다.
- 구현이 간단하다.

[tags] BFS
[lang] unknown",,algorithm,62.0
"[""python""]",https://www.youtube.com/watch?v=naZB_PZ1lb0,"BFS(너비 우선 탐색)는 방향성이 없는 그래프에서 출발 노드에서 도착 노드까지의 최소 간선 수를 찾는 전형적인 알고리즘입니다. 이 문제는 인접 리스트를 사용하여 그래프를 표현하고, 큐를 통해 탐색을 진행합니다. 초기에는 방문 배열과 큐를 설정하고, 시작 노드를 큐에 추가한 후, 큐가 비어있지 않은 동안 반복적으로 노드를 꺼내어 연결된 노드를 탐색합니다. 방문하지 않은 노드는 큐에 추가하고 방문 표시를 하며, 도착 노드에 도달하면 경과한 간선 수를 반환합니다. 만약 도착 노드에 도달하지 못하면 0을 반환합니다.

- BFS는 그래프 탐색에 적합하며, 최단 경로 문제에 자주 사용된다.
- 인접 리스트를 통해 그래프를 효율적으로 표현할 수 있다.
- 큐를 사용하여 탐색 순서를 관리하며, 방문 배열로 중복 방문을 방지한다.
- 복잡한 문제에서도 기본적인 BFS 구조를 유지하며 변형하여 사용할 수 있다.

[tags] BFS
[lang] unknown",,algorithm,63.0
"[""c""]",https://www.youtube.com/watch?v=wNOwQmIlSXI,"너비 우선 탐색(BFS) 알고리즘은 그래프의 모든 노드를 최소 한 번 방문하는 방법으로, 큐를 사용하여 구현된다. BFS는 시작 노드에서 인접한 노드를 큐에 추가하고, 큐에서 노드를 꺼내어 그 노드의 인접 노드를 방문하는 과정을 반복한다. 이 과정은 모든 노드가 방문될 때까지 계속된다. 예를 들어, 그래프의 시작 노드를 A로 설정하면, A의 인접 노드인 B, D, E를 큐에 추가하고, 이후 각 노드를 차례로 방문하며 인접 노드를 큐에 추가하는 방식으로 진행된다.

BFS의 주요 특징은 다음과 같다:
- 큐를 사용하여 노드를 관리한다.
- 시작 노드는 임의로 선택할 수 있다.
- 모든 노드를 방문할 때까지 반복한다.
- 가중치가 없는 그래프에서 최소 신장 트리를 형성할 수 있다.

[tags] BFS
[lang] unknown",,algorithm,64.0
"[""python"", ""cpp"", ""java"", ""c""]",https://www.youtube.com/watch?v=oDqjPvD54Ss,"너비 우선 탐색(BFS) 알고리즘은 그래프의 노드와 엣지를 탐색하는 기본적인 방법으로, 주로 최단 경로를 찾는 데 유용하다. BFS는 시작 노드에서 인접한 노드들을 먼저 방문하고, 그 다음 레벨의 노드들을 탐색하는 방식으로 진행된다. 이 과정에서 큐 자료구조를 사용하여 방문할 노드를 관리하며, 시간 복잡도는 O(V + E)로, V는 정점의 수, E는 엣지의 수를 나타낸다.

BFS의 구현은 두 가지 주요 단계로 나뉜다. 첫 번째는 탐색을 수행하는 solve 메서드로, 큐를 초기화하고 시작 노드를 추가한 후, 인접 리스트를 통해 방문하지 않은 노드를 큐에 추가하며 부모 노드를 기록한다. 두 번째는 reconstruct path 메서드로, prev 배열을 사용하여 시작 노드에서 끝 노드까지의 경로를 재구성한다. 이때, 그래프가 분리되어 있을 경우 경로가 존재하지 않을 수 있으므로 이를 확인해야 한다.

- BFS는 그래프의 최단 경로를 찾는 데 적합하다.
- 큐를 사용하여 탐색할 노드를 관리한다.
- 시간 복잡도는 O(V + E)이다.
- 경로 재구성을 위해 prev 배열을 사용한다.
- 그래프가 분리된 경우 경로가 없을 수 있다.

[tags] BFS
[lang] unknown",,algorithm,65.0
"[""python"", ""cpp"", ""java"", ""c""]",https://www.youtube.com/watch?v=gK8ap1-5Eio,"너비 우선 탐색(BFS) 알고리즘은 그래프와 트리 구조에서 경로를 찾는 데 사용된다. BFS는 시작 노드에서 인접한 노드를 차례로 방문하며, 각 노드를 방문할 때마다 해당 노드를 '방문한' 것으로 표시하여 중복 방문을 방지한다. 이 과정에서 목적지 노드에 도달하면 경로를 찾은 것으로 간주하며, BFS는 모든 노드를 탐색할 수 있는 구조를 갖추고 있다. BFS의 시간 복잡도는 O(V + E)로, 여기서 V는 정점의 수, E는 간선의 수를 의미하며, 공간 복잡도는 O(V)이다. BFS는 가중치가 없는 그래프에서 최단 경로를 찾는 데 유용하다.

- BFS는 그래프와 트리 구조에서 사용된다.
- 방문한 노드는 다시 방문하지 않도록 표시한다.
- 시간 복잡도는 O(V + E), 공간 복잡도는 O(V)이다.
- 가중치가 없는 경우 최단 경로를 찾는다.

[tags] BFS
[lang] unknown",,algorithm,66.0
"[""cpp""]",https://www.youtube.com/watch?v=-B76_z-WWNg,"너비 우선 탐색(BFS)은 그래프의 최단 경로를 찾기 위한 알고리즘으로, 큐를 사용하여 구현된다. 시작 노드 S에서 시작하여, 큐에 S를 추가하고, 큐가 비어있지 않은 동안 반복적으로 노드를 팝하여 그 이웃 노드들을 큐에 추가한다. 이 과정에서 각 노드의 거리를 기록하는 배열과 방문 여부를 기록하는 배열을 유지한다. 

BFS는 FIFO(선입선출) 방식으로 작동하며, 각 노드의 이웃을 탐색할 때마다 거리를 업데이트한다. 모든 노드를 방문한 후, 큐가 비어있게 되면 최단 경로 정보를 출력할 수 있다. 이 알고리즘은 그래프의 모든 노드를 한 번씩 방문하므로 시간 복잡도는 O(V + E)이다.

- BFS는 큐를 사용하여 구현된다.
- 각 노드의 이웃을 탐색하며 거리를 기록한다.
- 모든 노드를 한 번씩 방문하므로 효율적이다.
- 최단 경로를 찾는 데 유용하다.

[tags] BFS
[lang] c++",,algorithm,67.0
"[""python"", ""cpp"", ""java"", ""c""]",https://www.youtube.com/watch?v=-2CI8oUbjO8,"BFS(너비 우선 탐색) 알고리즘은 그래프를 탐색하는 방법으로, 시작 노드에서 인접한 노드를 먼저 방문한 후, 그 노드와 연결된 노드를 차례로 방문하는 방식이다. 이 알고리즘은 DFS(깊이 우선 탐색)와 달리 깊이보다는 너비를 우선으로 탐색한다. BFS를 수행하기 위해서는 먼저 시작 노드를 선택하고, 그 노드와 연결된 모든 인접 노드를 방문한 후, 방문한 노드의 인접 노드를 계속해서 탐색한다. 이 과정을 반복하여 모든 노드를 방문할 때까지 진행한다.

BFS는 그래프가 연결되어 있는지 확인하거나, 두 노드 간의 최단 경로를 찾는 데 유용하다. 또한, 그래프의 연결성을 판단하는 데에도 사용될 수 있다. BFS의 시간 복잡도는 O(V + E)로, V는 정점의 수, E는 간선의 수를 나타낸다.

- BFS는 시작 노드에서 인접 노드를 우선 방문한다.
- 모든 인접 노드를 방문한 후, 다음 단계로 진행한다.
- 그래프의 연결성 및 최단 경로 탐색에 유용하다.
- 시간 복잡도는 O(V + E)이다.

[tags] BFS
[lang] unknown",,algorithm,68.0
['java'],https://www.youtube.com/watch?v=9aas7w8d6ek,"팩토리얼을 구하는 방법에는 반복문을 사용하는 방법과 재귀 함수를 사용하는 방법이 있다. 반복문을 이용한 팩토리얼 함수는 주어진 정수 n에 대해 1부터 n까지의 곱을 계산하여 결과를 반환한다. 이때, 초기값을 1로 설정하고, n까지 반복하여 곱하는 방식으로 구현된다. 반면, 재귀 함수를 이용한 팩토리얼 함수는 함수 내에서 자신을 호출하여 n이 1 또는 0일 때 1을 반환하고, 그 외의 경우 n과 n-1의 팩토리얼을 곱하여 반환하는 방식으로 동작한다. 

재귀 함수는 특히 트리 구조 탐색과 같은 문제에서 유용하게 사용되며, 일반적인 계산에서는 반복문이 더 효율적일 수 있다. 팩토리얼을 구하는 두 가지 방법을 통해 재귀 호출의 개념과 기본적인 함수 작성법을 학습할 수 있다.

- 팩토리얼은 n! = n × (n-1)!로 정의된다.
- 반복문을 사용한 팩토리얼 함수는 성능이 더 좋을 수 있다.
- 재귀 함수는 함수 내에서 자신을 호출하는 방식으로 구현된다.
- 0!과 1!은 1로 정의된다.
- 재귀 호출은 트리 구조 탐색에 유리하다.

[tags] 재귀, 팩토리얼, 반복문
[lang] unknown",,algorithm,69.0
"[""c""]",https://www.youtube.com/watch?v=llVuUGySRwg,"BFS(너비 우선 탐색)는 그래프나 트리의 값을 탐색하는 알고리즘으로, 시작 노드에서 인접한 노드를 먼저 방문한 후 다음 레벨로 이동하는 방식으로 작동한다. 그래프는 정점(버텍스)과 간선(엣지)으로 구성되며, 방향성이 있는 그래프와 없는 그래프로 나뉜다. BFS는 큐(Queue) 자료구조를 사용하여 탐색을 진행하며, 각 노드의 방문 상태를 관리하여 이미 방문한 노드는 다시 방문하지 않도록 한다.

BFS의 기본 흐름은 다음과 같다:
1. 시작 노드를 큐에 추가하고 방문 상태를 업데이트한다.
2. 큐에서 노드를 꺼내어 결과 배열에 추가하고, 해당 노드의 인접 노드를 큐에 추가한다.
3. 큐가 비어질 때까지 이 과정을 반복한다.

BFS는 그래프의 모든 노드를 탐색할 수 있으며, 최악의 경우 시간 복잡도는 O(V + E)로, V는 정점의 수, E는 간선의 수를 의미한다.

- BFS는 그래프 탐색에 유용하다.
- 큐를 사용하여 탐색 순서를 관리한다.
- 인접 행렬을 통해 그래프의 구조를 표현할 수 있다.
- 방문 상태를 관리하여 중복 방문을 방지한다.

[tags] BFS, Queue, Graph
[lang] unknown",,algorithm,70.0
"[""python""]",https://www.youtube.com/watch?v=dcTbmpvHf7g,"깊이 우선 탐색(DFS)은 그래프의 각 노드를 방문하는 알고리즘으로, 방문 여부를 체크하기 위해 `Visited` 배열을 사용한다. 이 배열은 노드의 인덱스가 0부터 시작하기 때문에, 노드 수보다 하나 더 큰 크기로 설정하여 인덱스와 노드 번호를 맞춘다. DFS 함수는 현재 노드를 인자로 받아 방문 체크 후 출력하고, 인접한 노드 중 방문하지 않은 노드에 대해 재귀적으로 DFS를 호출한다. 이 과정을 통해 모든 연결된 노드를 탐색하게 된다.

DFS의 흐름은 다음과 같다:
1. 현재 노드를 방문 체크하고 출력한다.
2. 인접한 노드 중 방문하지 않은 노드에 대해 DFS를 호출한다.
3. 모든 인접 노드가 방문 완료되면 함수가 종료된다.

이 알고리즘은 그래프의 모든 노드를 한 번씩 방문하므로, 시간 복잡도는 O(V + E)로, V는 노드 수, E는 간선 수를 의미한다.

- `Visited` 배열은 노드의 방문 여부를 체크한다.
- DFS는 재귀적으로 호출되어 인접 노드를 탐색한다.
- 모든 노드를 한 번씩 방문하는 방식으로 작동한다.

[tags] DFS
[lang] unknown",,algorithm,71.0
"[""cpp""]",https://www.youtube.com/watch?v=9hdhpMVPSwM,"주어진 문제는 카카오 아이디 규칙에 맞지 않는 아이디를 입력받아, 규칙에 맞는 아이디를 추천하는 것입니다. 아이디는 3자 이상 15자 이하로, 알파벳 소문자, 숫자, 빼기, 밑줄, 마침표만 허용되며, 마침표는 처음과 끝에 위치할 수 없습니다. 이 문제는 7단계로 나뉘어 있으며, 각 단계에서 특정 규칙을 적용하여 최종 아이디를 생성합니다. 

1단계에서는 대문자를 소문자로 변환하고, 2단계에서는 허용되지 않는 문자를 제거합니다. 3단계에서는 연속된 마침표를 하나로 치환하고, 4단계에서는 처음과 끝의 마침표를 제거합니다. 5단계에서는 빈 문자열일 경우 'a'를 대입하고, 6단계에서는 길이가 16자 이상일 경우 15자로 잘라내며, 마지막으로 7단계에서는 길이가 2자 이하일 경우 마지막 문자를 반복하여 3자로 만듭니다. 이 문제는 정규표현식을 사용하지 않는 방법과 사용하는 방법 두 가지로 해결할 수 있습니다.

- 아이디 길이: 3자 이상 15자 이하
- 허용 문자: 소문자, 숫자, -, _, .
- 마침표 처리: 연속된 마침표는 하나로, 처음과 끝의 마침표 제거
- 빈 문자열 처리: 'a' 대입
- 길이 조정: 16자 이상 잘라내기, 2자 이하 반복

[tags] 
[lang] unknown",,algorithm,72.0
"[""cpp""]",https://www.youtube.com/watch?v=v78tWnjklio,"너비 우선 탐색(BFS)은 그래프 알고리즘의 기본적인 방법으로, 특정 시작 노드에서 시작하여 인접한 모든 노드를 탐색한 후, 그 노드들과 연결된 노드를 차례로 탐색하는 방식이다. 이 알고리즘은 그래프의 모든 노드를 방문하기 위해 큐를 사용하며, 각 노드가 방문되었는지를 추적하기 위해 불리언 배열을 활용한다. BFS는 웹 페이지 순위 매기기와 같은 다양한 실제 응용 프로그램에서 사용될 수 있다.

BFS의 구현 과정은 다음과 같다. 먼저, 그래프의 정점 수와 인접 리스트를 초기화하고, 간선을 추가하는 메서드를 정의한다. BFS 알고리즘은 시작 노드를 큐에 추가하고, 큐가 비어있지 않은 동안 반복하여 노드를 탐색한다. 각 노드의 인접 노드를 확인하고, 방문하지 않은 노드를 큐에 추가하며, 방문 상태를 업데이트한다. 이 과정을 통해 그래프의 모든 노드를 탐색할 수 있다.

- BFS는 그래프의 모든 노드를 탐색하는 데 유용하다.
- 큐를 사용하여 탐색 순서를 관리한다.
- 방문 여부를 추적하기 위해 불리언 배열을 사용한다.
- 다양한 그래프 문제에 적용 가능하다.

[tags] BFS, 그래프 탐색
[lang] cpp",,algorithm,73.0
"[""cpp"",""java""]",https://www.youtube.com/watch?v=-tgVpUgsQ5k,"BFS(너비 우선 탐색)는 그래프를 레벨별로 탐색하는 기법으로, 주어진 시작 노드에서 시작하여 인접한 노드를 차례로 방문하는 방식이다. BFS는 큐 자료구조를 사용하여 구현되며, 방문한 노드를 기록하기 위해 방문 배열을 사용한다. 탐색은 시작 노드를 큐에 추가하고, 큐에서 노드를 꺼내어 그 노드의 이웃 노드를 큐에 추가하는 방식으로 진행된다. 이 과정은 큐가 비어있지 않을 때까지 반복된다.

BFS의 시간 복잡도는 O(V + E)로, V는 노드의 수, E는 간선의 수를 의미한다. 공간 복잡도 또한 O(V)로, 큐와 방문 배열을 포함한다. BFS는 그래프의 구조에 따라 탐색 순서가 달라질 수 있으며, 시작 노드에 따라 결과가 달라질 수 있다는 점이 중요하다.

- BFS는 레벨별 탐색을 수행한다.
- 큐와 방문 배열을 사용하여 구현된다.
- 시간 복잡도는 O(V + E), 공간 복잡도는 O(V)이다.
- 시작 노드에 따라 탐색 결과가 달라질 수 있다.

[tags] BFS, Queue, Graph Traversal
[lang] unknown",,algorithm,74.0
"[""python"", ""cpp"", ""java"", ""c""]",https://www.youtube.com/watch?v=KiCBXu4P-2Y,"너비 우선 탐색(BFS)을 사용하여 그리드에서 최단 경로를 찾는 방법에 대해 설명한다. 그리드는 암묵적인 그래프 형태로, 각 셀의 이웃을 쉽게 파악할 수 있다. BFS를 통해 시작 노드에서 종료 노드까지의 경로를 탐색하며, 이 과정에서 방향 벡터를 사용하여 인접한 셀을 효율적으로 방문한다. 그리드를 인접 리스트나 인접 행렬로 변환하는 방법도 설명하지만, 그리드의 구조적 특성 덕분에 이러한 변환 없이도 BFS를 수행할 수 있다.

BFS를 통해 던전 문제를 해결하는 과정에서는 시작 셀에서 인접한 셀을 큐에 추가하고, 방문한 셀을 기록하여 중복 방문을 방지한다. 최단 경로를 찾기 위해 각 레이어의 노드를 탐색하며, 이동 횟수를 세어 종료 노드에 도달했는지 확인한다. 이 과정에서 다차원 좌표를 처리하기 위한 큐의 대안적 사용법도 소개된다.

- BFS를 사용하여 최단 경로 탐색
- 방향 벡터를 통한 인접 셀 방문
- 그리드의 인접 리스트/행렬 변환
- 다차원 좌표를 위한 큐 사용법
- 방문 기록을 통한 중복 방지

[tags] BFS, 그래프 이론, 그리드, 최단 경로
[lang] unknown",,algorithm,75.0
"[""cpp""]",https://www.youtube.com/watch?v=-roXotLkUOw,"그래프를 메모리에서 표현하기 위해 인접 리스트를 사용하여 각 정점과 연결된 정점들을 저장하는 방법을 설명한다. 인접 리스트는 각 정점에 대해 연결된 정점들의 리스트를 유지하는 구조로, C++의 벡터를 활용하여 구현할 수 있다. 사용자는 그래프의 정점 수와 간선 수를 입력하고, 각 간선의 두 정점의 정보를 입력하여 인접 리스트를 구성한다. 이후 BFS(너비 우선 탐색)를 수행하기 위해 큐를 사용하고, 각 정점의 탐색 상태를 기록하는 벡터를 활용하여 탐색 순서를 결정한다.

- 인접 리스트는 각 정점에 대한 연결 정보를 저장하는 효율적인 방법이다.
- BFS는 큐를 사용하여 정점을 탐색하며, FIFO(선입선출) 방식으로 진행된다.
- 각 정점의 탐색 상태를 관리하기 위해 상태 벡터를 사용한다.
- BFS의 탐색 순서는 큐에서 정점을 제거하는 순서에 따라 결정된다.

[tags] BFS, 그래프, 인접 리스트
[lang] cpp",,algorithm,76.0
"[""cpp""]",https://www.youtube.com/watch?v=J06Y4XKPQD8,"BFS(너비 우선 탐색) 알고리즘은 그래프의 모든 노드를 레벨별로 탐색하는 방법이다. 이 알고리즘은 큐를 사용하여 현재 레벨의 노드를 저장하고, 각 노드에 연결된 노드를 방문하면서 진행된다. 입력으로는 노드 수와 간선 수, 그리고 각 노드 간의 연결 정보를 받으며, 이를 통해 인접 행렬을 구성한다. BFS는 가중치에 상관없이 레벨 단위로 탐색하므로, 각 노드가 방문되었는지 여부를 확인하기 위해 불리언 배열을 사용한다.

BFS의 주요 흐름은 다음과 같다:
- 큐에 시작 노드를 추가하고 방문 표시.
- 큐가 비어있지 않은 동안 반복하며, 현재 레벨의 노드를 처리.
- 각 노드에 연결된 노드를 확인하고, 방문하지 않은 노드를 큐에 추가.
- 레벨을 증가시키며 탐색을 계속 진행.

이 알고리즘은 그래프의 구조에 따라 다르게 동작할 수 있으며, 시간 복잡도는 O(V + E)로, V는 노드 수, E는 간선 수를 의미한다.

- BFS는 레벨 단위로 탐색한다.
- 큐를 사용하여 현재 레벨의 노드를 관리한다.
- 방문 여부를 체크하기 위해 불리언 배열을 사용한다.
- 가중치가 없는 그래프에서 효과적이다.
- 시간 복잡도는 O(V + E)이다.

[tags] BFS
[lang] unknown",,algorithm,77.0
"[""cpp""]",https://www.youtube.com/watch?v=rmPm2SbKJ5E,"너무 많은 정보를 담고 있는 이 강의에서는 너비 우선 탐색(BFS)에 대해 설명하고 있다. BFS는 그래프의 모든 노드를 레벨별로 탐색하는 알고리즘으로, 시작 노드에서 인접한 노드를 먼저 방문한 후, 그 노드의 자식 노드를 탐색하는 방식으로 진행된다. 이 과정에서 큐를 사용하여 방문할 노드를 관리하며, FIFO(선입선출) 방식으로 노드를 처리한다. BFS는 주로 최단 경로 문제나 그래프의 연결 요소를 찾는 데 사용된다.

BFS의 구현은 다음과 같은 단계로 이루어진다:
- 시작 노드를 큐에 추가하고 방문 표시.
- 큐가 비어있지 않은 동안 반복하여 큐에서 노드를 꺼내고 출력.
- 꺼낸 노드의 자식 노드를 큐에 추가하고 방문 표시.

이 알고리즘은 시간 복잡도가 O(V + E)로, V는 노드의 수, E는 간선의 수를 나타낸다.

- BFS는 레벨 탐색 방식이다.
- 큐를 사용하여 노드를 관리한다.
- 그래프의 모든 노드를 탐색할 수 있다.
- 시간 복잡도는 O(V + E)이다.

[tags] BFS, Queue, Graph
[lang] unknown",,algorithm,78.0
"[""python"", ""cpp"", ""java"", ""c""]",https://www.youtube.com/watch?v=nEj2ROx5v_E,"너비 우선 탐색(BFS) 알고리즘은 그래프나 트리 구조를 탐색하는 방법으로, 1945년에 발명되었고 1959년에 재발명되었습니다. 이 알고리즘은 임의의 정점에서 시작하여 인접한 정점들을 먼저 탐색한 후 다음 레벨의 정점으로 이동합니다. BFS는 큐 자료구조를 사용하여 정점을 저장하며, 이는 인접한 정점을 모두 탐색한 후 다음 정점으로 넘어가는 방식에 기여합니다. 이 알고리즘의 최악의 경우 성능은 O(V + E)로, 정점의 수와 간선의 수의 합에 비례합니다.

BFS의 과정은 두 부분으로 나뉘며, 첫 번째는 초기화 단계로 모든 마크를 지우고 시작 정점을 큐에 추가하는 것입니다. 두 번째는 큐가 비어있지 않은 동안 반복적으로 정점을 큐에서 꺼내고 마크한 후, 인접한 미방문 정점을 큐에 추가하는 반복문입니다. 이 과정을 통해 모든 정점을 방문하고 마크하게 됩니다.

- BFS는 큐를 사용하여 인접 정점을 먼저 탐색
- 최악의 경우 시간 복잡도는 O(V + E)
- 모든 정점을 방문하고 마크하여 무한 루프 방지

[tags] BFS
[lang] unknown",,algorithm,79.0
"[""cpp""]",https://www.youtube.com/watch?v=G32BB0P9vSo,"BFS(너비 우선 탐색) 알고리즘을 사용하여 그래프에서 출발 정점(source vertex)으로부터 모든 다른 정점까지의 최단 거리와 최단 경로를 찾는 방법을 설명한다. 이 알고리즘은 방향 그래프와 비방향 그래프 모두에 적용 가능하며, 인접 리스트를 사용하여 그래프를 표현한다. BFS를 수행하기 위해 큐를 사용하고, 각 정점의 방문 여부를 추적하기 위해 visited 배열과 최단 거리를 저장하기 위한 distance 배열, 그리고 경로를 추적하기 위한 parent 배열을 사용한다.

BFS의 과정은 큐에서 정점을 꺼내고, 그 정점의 이웃 정점들을 방문하면서 거리를 업데이트하고 부모를 설정하는 방식으로 진행된다. 최단 경로를 찾기 위해서는 도착 정점에서 출발 정점까지 부모 배열을 역추적하여 경로를 구성한 후, 이를 출력한다. 이 알고리즘의 시간 복잡도는 O(V + E)로, V는 정점의 수, E는 간선의 수이다.

- BFS는 최단 경로 탐색에 적합하다.
- 인접 리스트를 사용하여 그래프를 표현한다.
- visited, distance, parent 배열을 사용하여 상태를 관리한다.
- 최단 경로는 parent 배열을 통해 역추적하여 찾는다.
- 시간 복잡도는 O(V + E)이다.

[tags] BFS
[lang] unknown",,algorithm,80.0
"[""cpp""]",https://www.youtube.com/watch?v=8mCHHludkjg,"너비 우선 탐색(BFS)은 그래프를 탐색하는 알고리즘으로, 주어진 그래프의 인접 리스트를 사용하여 구현할 수 있다. 이 강의에서는 C++를 사용하여 절차적 방식으로 BFS를 구현하는 방법을 설명한다. 그래프의 정점 수를 설정하고, 각 정점의 방문 여부를 추적하는 배열을 초기화한 후, 주어진 간선에 따라 그래프를 구성한다. BFS는 큐를 사용하여 구현되며, 방문하지 않은 정점을 큐에 추가하고, 큐에서 정점을 꺼내 인접 정점들을 탐색하는 방식으로 진행된다.

BFS의 주요 흐름은 다음과 같다:
- 그래프의 정점 수와 간선을 입력받아 인접 리스트를 구성한다.
- 방문하지 않은 정점을 큐에 추가하고 방문 표시를 한다.
- 큐가 비어있지 않은 동안, 큐에서 정점을 꺼내 인접 정점들을 탐색하며 방문하지 않은 정점을 다시 큐에 추가한다.

- BFS는 그래프의 모든 정점을 탐색하는 데 유용하다.
- 큐를 사용하여 탐색 순서를 관리한다.
- 방문 여부를 체크하여 중복 탐색을 방지한다.

[tags] BFS
[lang] cpp",,algorithm,81.0
"[""cpp""]",https://www.youtube.com/watch?v=5WnfXh0YQcQ,"그래프 탐색은 그래프의 모든 정점을 방문하는 과정으로, 주로 두 가지 방법인 너비 우선 탐색(BFS)과 깊이 우선 탐색(DFS)을 사용한다. BFS는 큐를 사용하여 시작 정점에서 인접한 모든 정점을 차례로 방문하며, 각 정점을 방문할 때마다 그 정점의 이웃을 큐에 추가한다. 반면, DFS는 스택을 사용하여 한 정점의 이웃 중 하나를 선택해 깊이 있게 탐색하며, 더 이상 방문할 정점이 없을 경우 스택에서 정점을 제거하고 이전 정점으로 돌아간다.

이 두 탐색 방법은 그래프의 구조와 탐색 목적에 따라 다르게 활용될 수 있으며, 각 방법의 구현은 조건과 체크가 추가되어 복잡해질 수 있다. BFS는 모든 이웃을 한 번에 탐색하는 반면, DFS는 한 방향으로 깊이 들어가며 탐색하는 방식이기 때문에 결과가 달라질 수 있다.

- BFS는 큐를 사용하여 인접 정점을 차례로 방문
- DFS는 스택을 사용하여 한 정점의 이웃을 깊이 탐색
- 두 방법 모두 시작 정점은 임의로 선택 가능
- 탐색 결과는 선택한 경로에 따라 달라질 수 있음

[tags] BFS, DFS
[lang] unknown",,algorithm,82.0
"[""cpp""]",https://www.youtube.com/watch?v=vf-cxgUXcMk,"그래프 탐색 기법에는 너비 우선 탐색(BFS)과 깊이 우선 탐색(DFS)이 있다. BFS는 큐를 사용하여 시작 노드에서 인접한 노드를 먼저 탐색하고, 그 후 인접 노드의 인접 노드를 탐색하는 방식으로 진행된다. 예를 들어, 노드 0에서 시작하면 0의 인접 노드인 1과 3을 먼저 방문하고, 그 다음에 1의 인접 노드 중 방문하지 않은 노드들을 큐에 추가하여 탐색을 계속한다. BFS는 레벨 순서로 탐색하며, 여러 유효한 탐색 경로가 존재할 수 있다.

반면, DFS는 스택을 사용하여 깊이 우선으로 탐색한다. 시작 노드에서 인접한 노드 중 하나를 선택하여 깊이 있게 탐색하고, 더 이상 방문할 노드가 없을 경우 스택에서 노드를 꺼내어 백트래킹을 진행한다. DFS 또한 여러 유효한 탐색 경로가 존재할 수 있으며, 각 노드의 인접 노드 중 방문하지 않은 노드를 선택하여 탐색을 이어간다.

- BFS는 큐를 사용하고, DFS는 스택을 사용한다.
- BFS는 인접 노드를 먼저 탐색하고, DFS는 깊이 있게 탐색한다.
- 두 기법 모두 시작 노드에서 탐색을 시작하며, 여러 유효한 경로가 존재할 수 있다.

[tags] BFS, DFS
[lang] unknown",,algorithm,83.0
"[""cpp"", ""java"", ""python""]",https://www.youtube.com/watch?v=Ykv33EpJVCU,"너비 우선 탐색(BFS)은 그래프의 모든 노드를 레벨별로 방문하는 그래프 탐색 기법이다. BFS는 시작 노드에서 인접한 모든 노드를 먼저 방문한 후, 그 노드들의 이웃을 탐색하는 방식으로 진행된다. 이 과정에서 큐 자료구조를 사용하여 방문할 노드를 관리하며, 이미 방문한 노드는 다시 방문하지 않도록 체크해야 한다. BFS의 시간 복잡도는 O(V + E)로, V는 노드의 수, E는 간선의 수를 의미하며, 공간 복잡도는 O(V)이다.

BFS의 주요 응용 분야로는 최단 경로 탐색, 위상 정렬, 강한 연결 요소, 최소 신장 트리, GPS 내비게이션 시스템 등이 있다. BFS 알고리즘은 간단한 세 단계로 구성되며, 큐에서 첫 번째 요소를 꺼내고, 이를 결과 리스트에 추가한 후, 해당 노드의 이웃을 큐에 추가하는 방식으로 반복된다.

- BFS는 레벨별 탐색을 수행한다.
- 큐 자료구조를 사용하여 방문할 노드를 관리한다.
- 이미 방문한 노드는 다시 방문하지 않도록 체크해야 한다.
- 시간 복잡도는 O(V + E), 공간 복잡도는 O(V)이다.
- 다양한 응용 분야가 있다.

[tags] BFS
[lang] python",,algorithm,84.0
"[""python""]",https://www.youtube.com/watch?v=BLc3wzvycH8,"깊이 우선 탐색(DFS)은 그래프 탐색 알고리즘으로, 스택을 사용하여 노드를 방문하는 방식입니다. DFS는 먼저 시작 노드를 스택에 추가하고, 스택에서 노드를 꺼내 그 노드와 연결된 이웃 노드를 스택에 추가하는 과정을 반복합니다. 이때 이미 방문한 노드는 다시 스택에 추가하지 않으며, 방문한 노드는 별도의 리스트에 기록하여 추적합니다. 이 과정은 스택이 비어질 때까지 계속됩니다.

DFS는 게임 AI에서 수의 탐색이나 그래프 내 사이클 검출과 같은 문제에 유용하게 사용됩니다. 이 알고리즘은 구현이 간단하고, 재귀적으로도 사용할 수 있지만, 스택의 크기가 커질 수 있어 메모리 사용에 주의해야 합니다. 시간 복잡도는 O(V + E)로, V는 정점의 수, E는 간선의 수를 의미합니다.

- DFS는 스택을 사용하여 구현된다.
- 방문한 노드는 visited 리스트에 기록된다.
- 그래프의 사이클 검출에 유용하다.
- 게임 AI에서 수의 탐색에 활용된다.
- 시간 복잡도는 O(V + E)이다.

[tags] DFS
[lang] python",,algorithm,85.0
"[""python""]",https://www.youtube.com/watch?v=i_0NWOg4sRQ,"깊이 우선 탐색(DFS)은 스택을 활용하여 그래프의 모든 노드를 방문하는 알고리즘입니다. 이 방법은 현재 노드를 스택에 푸쉬하고, 팝하여 방문 여부를 확인한 후, 인접한 노드를 다시 스택에 푸쉬하는 과정을 반복합니다. 주의할 점은 스택의 LIFO(Last In, First Out) 구조로 인해, 방문 순서를 조정하기 위해 큰 숫자를 먼저 푸쉬해야 원하는 순서로 방문할 수 있다는 것입니다. 

이 알고리즘은 모든 노드를 방문할 때까지 반복되며, 재귀적 방법과 비교할 때 구현이 다소 복잡해 보일 수 있습니다. 그러나 스택을 사용한 DFS는 개념적으로 재귀적 방법과 동일한 결과를 도출합니다. 

- 스택을 사용하여 DFS를 구현할 때는 큰 숫자를 먼저 푸쉬해야 원하는 방문 순서를 얻을 수 있다.
- 방문하지 않은 노드만 방문 처리하며, 인접 노드를 스택에 푸쉬한다.
- 모든 노드를 방문할 때까지 이 과정을 반복한다.

[tags] DFS
[lang] unknown",,algorithm,86.0
"[""python""]",https://www.youtube.com/watch?v=Sz9yH-RDAgo,"이 영상은 동적 프로그래밍(Dynamic Programming, DP) 의 기본 개념을 소개하고 피보나치 수열을 예시로 들어 설명합니다. DP는 복잡한 최적화 문제를 작은 하위 문제(sub-problems) 로 나누어 해결하는 기법입니다. 영상은 단순 재귀 호출의 비효율성(O(2n)O(2n))을 지적하고, 메모이제이션(Memoization) 기법을 사용하여 결과를 저장하고 재사용함으로써 선형 시간 복잡도(O(n)O(n)) 로 최적화하는 과정을 상세히 보여줍니다. 또한, 연속된 부분 배열의 최소 합 문제 적용 예시도 다룹니다.",,algorithm,87.0
"[""cpp""]",https://www.youtube.com/watch?v=shs0KM3wKv8,"해시 테이블을 키-값 룩업을 위한 가장 유용한 자료구조 중 하나로 정의하며, 인터뷰에서 이 개념을 항상 염두에 두어야 한다고 조언합니다. 핵심은 해시 함수를 사용하여 문자열과 같은 키를 배열의 인덱스로 매핑하는 과정이며, 이를 통해 대부분의 연산이 상수 시간으로 처리됩니다. 이 자료는 충돌이 발생했을 때 연결 리스트를 활용하여 키와 값을 함께 저장하는 체이닝(Chaining) 기법을 상세히 설명하며, 키를 저장해야만 충돌된 요소들 사이에서 원하는 것을 정확히 찾아낼 수 있음을 보여줍니다",,algorithm,88.0
"[""cpp""]",https://www.youtube.com/watch?v=kmHojGMUn0Q," MD 시리즈, SHA-2, SHA-3 등 다양한 해시 함수 계열을 소개하며 충돌 저항성의 중요성을 다시 한번 강조합니다. SHA-256의 설계는 메시지를 블록으로 나누어 이전 해시값과 결합 후 압축 함수를 반복 적용하는 MD 변환 구조를 사용하며, 이 압축 함수는 블록 암호를 기반으로 한 Davies-Meyer 구조로 만들어집니다. 이 증명 방식은 압축 함수가 충돌 저항성을 가지면 전체 해시 함수도 충돌 저항성을 갖는다는 것을 보여주며, 이는 설계자들이 CPP와 같은 시스템 언어 레벨에서 구조적 안정성을 추구했음을 시사합니다. 또한, SHA-1이 깨진 역사적 사례를 통해 성능과 보안 사이의 아슬아슬한 균형을 설명합니다.",,algorithm,89.0
"[""python""]",https://www.youtube.com/watch?v=pBasV9jlQ0w,"깊이 우선 탐색(DFS) 알고리즘은 그래프를 탐색하는 방법으로, 재귀적 또는 반복적 접근 방식을 통해 구현할 수 있다. DFS는 스택 자료구조를 사용하여 노드를 방문하며, 스택의 LIFO(Last In First Out) 특성을 활용하여 마지막에 추가된 노드를 먼저 방문한다. 탐색 과정은 시작 노드를 선택하고 이를 스택에 푸시한 후, 스택에서 노드를 팝하여 방문 여부를 확인하고, 인접한 미방문 노드를 스택에 추가하는 방식으로 진행된다. 이 과정을 반복하여 모든 노드를 탐색하게 된다.

DFS 구현 시 주의할 점은 스택에 중복된 노드가 포함될 수 있으며, 이미 방문한 노드는 다시 방문하지 않도록 체크해야 한다. 또한, 스택을 사용함으로써 탐색 순서가 결정되므로, 노드의 추가 순서가 탐색 결과에 영향을 미칠 수 있다.

- DFS는 스택을 사용하여 구현된다.
- 방문한 노드는 리스트에 기록하여 중복 방문을 방지한다.
- 인접 노드는 어떤 순서로 푸시해도 무방하다.
- 스택이 비면 탐색이 종료된다.

[tags] DFS, Stack
[lang] unknown",,algorithm,90.0
"[""python""]",https://www.youtube.com/watch?v=0Zsabo7ires,"깊이 우선 탐색(DFS)은 그래프 탐색 알고리즘으로, 주어진 그래프의 정점들을 방문하는 방법을 설명한다. 이 알고리즘은 스택을 사용하여 현재 정점의 이웃을 탐색하고, 방문한 정점을 기록한다. 예를 들어, 정점 0에서 시작하여 이웃인 1과 2를 스택에 추가하고, 이를 반복하여 모든 정점을 방문한다. DFS는 게임 구현이나 그래프에서 사이클을 찾는 문제에 유용하게 사용된다.

- DFS는 스택을 사용하여 정점을 탐색한다.
- 방문한 정점은 기록하여 중복 방문을 방지한다.
- 그래프의 사이클 탐지와 같은 문제에 활용된다.
- DFS는 재귀적으로 구현할 수도 있다.

[tags] DFS
[lang] unknown",,algorithm,91.0
"[""python""]",https://www.youtube.com/watch?v=8cIqeTvGshk,"깊이 우선 탐색(DFS) 알고리즘은 스택을 사용하여 구현되며, 각 노드를 방문할 때마다 방문한 노드를 기록하는 배열을 사용합니다. DFS는 한 번에 하나의 자식 노드만을 탐색하며, 자식 노드를 스택에 추가하고 방문한 노드로 표시합니다. 노드에 자식이 없으면 스택에서 제거하고, 방문하지 않은 자식이 있는 경우 해당 자식을 스택에 추가합니다. 이 과정을 반복하여 모든 노드를 탐색합니다.

DFS의 주요 특징은 다음과 같습니다:
- 스택을 사용하여 탐색을 진행합니다.
- 한 번에 하나의 자식 노드만을 탐색합니다.
- 자식 노드가 없으면 스택에서 제거합니다.
- 모든 노드를 방문할 때까지 반복합니다.

[tags] DFS
[lang] unknown",,algorithm,92.0
"[""python""]",https://www.youtube.com/watch?v=msAB1NivnhI,"깊이 우선 탐색(DFS)은 그래프를 탐색하는 방법 중 하나로, 재귀를 사용하여 구현됩니다. DFS는 스택을 활용하여 노드를 방문하며, 이미 방문한 노드로는 다시 돌아가지 않습니다. 이 강의에서는 7개의 정점과 9개의 간선을 가진 그래프를 예로 들어 DFS를 구현하는 방법을 설명합니다. 시작 노드 A에서 시작하여 인접한 노드를 재귀적으로 탐색하며, 방문한 노드는 기록하여 중복 방문을 방지합니다.

DFS의 시간 복잡도는 O(V + E)로, V는 정점의 수, E는 간선의 수를 나타냅니다. 공간 복잡도는 O(V)로, 방문 여부를 기록하기 위한 딕셔너리를 사용합니다. 이 알고리즘은 그래프의 모든 정점을 탐색할 수 있으며, 각 정점에 대해 인접한 노드를 확인하는 방식으로 진행됩니다.

- DFS는 스택과 재귀를 사용하여 구현된다.
- 방문한 노드는 다시 방문하지 않도록 관리한다.
- 시간 복잡도는 O(V + E), 공간 복잡도는 O(V)이다.
- 그래프의 구조에 따라 탐색 순서가 달라질 수 있다.

[tags] DFS
[lang] python",,algorithm,93.0
"[""python""]",https://www.youtube.com/watch?v=GtqHli8HIqk,이 영상은 동적 계획법(DP) 을 코딩 테스트에 적용하기 위한 실질적인 방법을 다룹니다. DP가 최적 부분 구조(optimal substructure) 와 중복되는 부분 문제(overlapping subproblems) 라는 두 가지 조건을 만족해야 함을 명확히 설명합니다. 계단 오르기 문제와 최대 부분 배열 합 문제(Kadane's Algorithm) 를 예시로 사용하여 DP의 두 가지 접근 방식인 탑다운 (재귀 + 메모이제이션) 과 바텀업 (반복 + 타뷸레이션) 의 코드 구현을 상세히 비교 분석합니다,,algorithm,94.0
"[""python""]",https://www.youtube.com/watch?v=e65Pg0USbBA,"깊이 우선 탐색(DFS)은 스택을 사용하여 트리 또는 그래프의 노드를 탐색하는 알고리즘이다. DFS는 루트 노드에서 시작하여 가능한 깊이까지 내려가며 자식 노드를 방문한다. 이 과정에서 자식 노드는 스택에 역순으로 추가되며, 스택의 최상단 노드부터 방문하게 된다. 예를 들어, 루트 노드 1에서 시작하여 2, 4, 8, 10, 7, 5, 3, 6, 9 순으로 방문하는 방식이다.

DFS의 구현은 스택을 사용하여 방문한 노드를 기록하고, 자식 노드를 스택에 추가할 때는 역순으로 넣는 것이 핵심이다. 이 알고리즘은 트리와 그래프 모두에 적용 가능하며, 각 노드의 자식 노드를 확인하여 방문 여부를 체크하는 방식으로 진행된다. DFS의 시간 복잡도는 O(V + E)로, V는 정점의 수, E는 간선의 수를 의미한다.

- DFS는 스택을 사용하여 구현된다.
- 자식 노드는 역순으로 스택에 추가된다.
- 방문한 노드는 리스트에 기록된다.
- 시간 복잡도는 O(V + E)이다.

[tags] DFS
[lang] python",,algorithm,95.0
"[""python""]",https://www.youtube.com/watch?v=sKk6VwFHnXI,"이 문제는 깊이 우선 탐색(DFS)을 활용하여 이진 트리에서 루트에서 리프 노드까지의 경로 중 합이 특정 값(예: 22)과 일치하는 경로를 찾는 것이다. DFS를 구현할 때는 재귀를 사용하며, 노드가 null일 경우에는 백트래킹을 통해 탐색을 중단한다. 경로의 합이 목표 합과 일치하고 현재 노드가 리프 노드일 때, 해당 경로를 결과 리스트에 추가한다. 이때 리스트를 복사하여 추가하는 것이 중요하며, 단순히 리스트를 추가하면 잘못된 결과를 초래할 수 있다.

- DFS를 사용하여 이진 트리를 탐색
- 루트에서 리프 노드까지의 경로의 합을 체크
- 리프 노드인지 확인 후 결과에 추가
- 리스트 복사 시 주의 필요
- 재귀적 호출로 자식 노드 탐색

[tags] DFS
[lang] python",,algorithm,96.0
"[""python""]",https://www.youtube.com/watch?v=Z-Qdp1_JWdI,"깊이 우선 탐색(DFS)은 그래프 탐색 알고리즘으로, 루트 노드에서 시작하여 자식 노드를 차례로 탐색하는 방식으로 작동한다. 이 알고리즘은 각 노드의 자식 노드를 방문하고, 목표 노드를 찾을 때까지 계속해서 자식 노드를 탐색한다. 만약 목표 노드를 찾지 못하면, 탐색을 종료하고 부모 노드로 돌아가 다음 자식 노드를 탐색한다. DFS의 최악의 경우 시간 복잡도는 O(b^h)로, 여기서 b는 분기 계수, h는 최대 깊이를 의미한다. 공간 복잡도는 O(h)로, 현재 깊이까지의 노드 수를 저장하는 데 필요한 공간을 나타낸다.

- DFS는 깊이 우선으로 탐색하며, 왼쪽부터 오른쪽으로 진행한다.
- 목표 노드를 찾으면 true를 반환하고, 찾지 못하면 false를 반환한다.
- 그래프의 구조에 따라 탐색 경로가 달라질 수 있다.
- 시간 복잡도는 분기 계수와 최대 깊이에 따라 결정된다.

[tags] DFS
[lang] unknown",,algorithm,97.0
"[""python""]",https://www.youtube.com/watch?v=NWSs7nDqRSo,"깊이 우선 탐색(DFS)은 트리의 내용을 깊이 우선 방식으로 출력하는 알고리즘이다. 이 방법은 왼쪽 자식 노드를 먼저 방문한 후, 루트 노드를 출력하고, 마지막으로 오른쪽 자식 노드를 방문하는 방식으로 진행된다. 이 과정을 통해 이진 트리의 경우, 출력 결과는 알파벳 순서로 정렬된다. 

DFS를 구현하기 위해 재귀 함수를 사용하여 트리를 탐색한다. 함수는 먼저 트리가 비어 있는지 확인하고, 왼쪽 서브트리가 존재하면 이를 재귀적으로 호출하여 출력한 후, 루트 노드를 출력하고, 오른쪽 서브트리가 존재하면 이를 다시 재귀적으로 호출하여 출력한다. 이 방식은 비어 있지 않은 트리의 모든 노드를 깊이 우선으로 탐색하여 출력하는 데 효과적이다.

- 깊이 우선 탐색(DFS) 방식으로 트리 출력
- 왼쪽 자식 → 루트 → 오른쪽 자식 순서
- 이진 트리의 경우 알파벳 순서로 출력
- 재귀 함수 사용
- 트리가 비어 있는지 확인 후 탐색

[tags] DFS, Tree, Recursion
[lang] python",,algorithm,98.0
"[""python""]",https://www.youtube.com/watch?v=QVcsSaGeSH0,"이 영상에서는 깊이 우선 탐색(DFS) 알고리즘을 파이썬으로 구현하는 방법을 설명한다. 주어진 무방향 그래프에서 시작 정점 A를 기준으로 DFS를 수행하며, 두 개의 클래스인 Vertex와 Graph를 정의한다. Vertex 클래스는 정점의 이름, 이웃, 발견 시간, 종료 시간, 색상 등의 속성을 가지며, Graph 클래스는 정점들을 딕셔너리 형태로 저장하고, 정점을 추가하거나 간선을 추가하는 기능을 제공한다. DFS는 재귀적으로 구현되며, 각 정점의 색상을 통해 방문 여부를 관리하고, 발견 및 종료 시간을 기록한다.

- Vertex 클래스는 정점의 속성과 이웃을 관리한다.
- Graph 클래스는 정점과 간선을 추가하는 기능을 제공한다.
- DFS는 재귀적으로 구현되며, 색상으로 방문 상태를 추적한다.
- 발견 시간과 종료 시간을 기록하여 탐색 순서를 확인할 수 있다.
- 그래프의 출력 결과를 통해 각 정점의 정보를 확인할 수 있다.

[tags] DFS, Graph, Vertex
[lang] python",,algorithm,99.0
"[""java""]",https://www.youtube.com/watch?v=5GB9eIeQVrw,"주어진 문제는 문자열에서 가장 많이 등장하는 알파벳을 찾고, 만약 동률이 발생하면 물음표를 출력하는 것입니다. 이를 해결하기 위해 문자열을 대문자로 변환한 후, 26개의 요소를 가진 배열을 생성하여 각 알파벳의 개수를 세는 방식으로 접근합니다. 각 문자를 순회하며 해당 문자의 인덱스를 계산하고, 카운트를 증가시킵니다. 최대 카운트를 기록하고, 동률이 발생할 경우 물음표를 출력하도록 조건을 설정합니다.

- 문자열을 대문자로 변환하여 소문자를 무시합니다.
- 26개의 요소를 가진 배열을 사용하여 알파벳 카운트를 기록합니다.
- 최대 카운트를 갱신하고, 동률 발생 시 물음표를 출력합니다.
- 기본적인 문자열 처리 및 배열 사용법을 익힐 수 있는 문제입니다.

[tags] 문자열, 배열, 카운팅
[lang] java",,algorithm,100.0
"[""java""]",https://www.youtube.com/watch?v=0bqfTzpWySY,"다이나믹 프로그래밍(DP)은 중복 연산을 줄여 수행 속도를 개선하기 위해 고안된 알고리즘입니다. 기존의 완전 탐색 방식은 경우의 수가 많아 비효율적이지만, DP는 이전에 계산한 결과를 저장하여 중복된 계산을 피함으로써 효율성을 높입니다. 예를 들어, 정수 삼각형 문제에서는 각 위치까지 올 수 있는 최대 값을 DP 배열에 저장하여, 이전 단계의 최적 값을 활용해 다음 단계의 값을 계산합니다. 이를 통해 연산 횟수를 줄이고 최적의 해를 빠르게 찾을 수 있습니다.

DP 문제를 구분하는 두 가지 기준은 첫째, DFS나 BFS로 풀 수 있지만 경우의 수가 너무 많은 문제이며, 둘째, 중복적인 연산이 많은 문제입니다. DP를 잘 활용하기 위해서는 다양한 문제를 풀어보며 DP 사고방식을 익히는 것이 중요합니다. DP는 정형화된 알고리즘이 아니므로, 문제에 따라 다양한 접근 방법이 필요합니다.

- DP는 중복 연산을 줄여 수행 속도를 개선한다.
- DP 배열을 사용해 이전 결과를 저장하고 활용한다.
- 문제를 풀기 전에 경우의 수를 계산해 DP 필요성을 판단한다.
- 중복 연산이 많은 문제에서 DP를 고려한다.
- 다양한 문제를 통해 DP 사고방식을 익히는 것이 중요하다.

[tags] Dynamic Programming, DP
[lang] unknown",,algorithm,101.0
"[""python""]",https://www.youtube.com/watch?v=ynZdirmZre4,"깊이 우선 탐색(DFS) 알고리즘은 그래프와 트리 구조에서 노드를 탐색하는 방법으로, 주로 재귀적 접근 방식으로 구현된다. DFS는 시작 노드에서 인접한 노드를 방문하는 대신, 가능한 깊이까지 탐색한 후에야 다른 노드를 방문하는 방식으로 작동한다. 이 과정에서 방문한 노드는 '방문한 노드 집합'에 추가되어 중복 방문을 방지한다. DFS의 핵심은 깊이를 우선적으로 탐색하는 것이며, 이를 통해 모든 노드를 한 번씩 방문하게 된다.

DFS의 재귀적 구현에서는 함수가 자신을 호출하여 인접 노드를 탐색하며, 모든 인접 노드를 탐색한 후에는 이전 노드로 되돌아가서 남은 노드를 탐색한다. 이 알고리즘은 그래프의 구조에 따라 다양한 방식으로 활용될 수 있으며, 시간 복잡도는 O(V + E)로, V는 정점의 수, E는 간선의 수를 나타낸다.

- DFS는 깊이 우선 탐색 알고리즘이다.
- 재귀적 접근 방식으로 구현된다.
- 방문한 노드는 중복 방문을 피하기 위해 집합에 저장된다.
- 시간 복잡도는 O(V + E)이다.

[tags] DFS
[lang] python",,algorithm,102.0
"[""python""]",https://www.youtube.com/watch?v=T4WUpYsCqSU,"이 영상은 피보나치 수열을 중심으로 동적 계획법의 두 구현 방식인 Top-down (메모이제이션) 과 Bottom-up (타뷸레이션) 을 비교합니다. 재귀 호출 시 발생하는 중복 계산의 비효율성(피라미드 구조 호출)을 지적하며, 이를 해결하기 위해 계산 결과를 저장하는 방식이 DP라고 설명합니다. 특히 피보나치 수열의 경우, 반복문을 사용하여 작은 문제부터 순차적으로 값을 채워나가는 바텀업(타뷸레이션) 방식이 가장 효율적이라고 강조합니다.",,algorithm,103.0
"[""python""]",https://www.youtube.com/watch?v=3_eVkTkBbJE,"깊이 우선 탐색(DFS)은 그래프 탐색 알고리즘 중 하나로, 자식 노드를 우선적으로 탐색하는 방식이다. DFS는 스택 자료구조를 사용하거나 재귀 함수를 통해 구현할 수 있으며, 재귀 함수는 백트래킹에서 중요한 역할을 한다. DFS를 사용할 때는 종료 조건을 명확히 설정해야 하며, 깊이가 너무 깊어지면 스택 오버플로우가 발생할 수 있으므로 주의해야 한다. DFS의 시간 복잡도는 O(V + E)로, V는 정점의 수, E는 간선의 수를 의미한다.

DFS를 구현할 때는 2차원 배열을 사용하여 그래프를 표현하고, 방문 여부를 체크하는 배열을 함께 사용한다. 기본적인 DFS 문제로는 연결된 노드의 개수를 세는 문제를 다루며, 이중 포문을 통해 탐색을 시작하고, 재귀적으로 DFS 함수를 호출하여 연결된 노드를 탐색한다. 최종적으로 탐색한 결과를 정렬하여 출력하는 방식으로 진행된다.

- DFS는 자식 노드를 우선적으로 탐색한다.
- 재귀 함수 사용 시 종료 조건을 명확히 해야 한다.
- 시간 복잡도는 O(V + E)이다.
- 2차원 배열을 사용하여 그래프를 표현한다.
- 연결된 노드의 개수를 세는 문제를 예로 든다.

[tags] DFS, 재귀, 백트래킹
[lang] unknown",,algorithm,104.0
"[""c"", ""cpp""]",https://www.youtube.com/watch?v=rHPBGhqH0y4,"임의 크기 데이터를 고정 크기로 매핑하는 해시 함수의 기본 개념을 설명하며, 특히 SHA-1 알고리즘을 예시로 동작 원리를 파헤칩니다. SHA-1은 40자리 16진수 값을 출력하며, 그 내부 작동은 문자열을 ASCII 코드로 변환하고 비트 연산 및 복잡한 상수를 사용하는 여러 단계로 이루어져 있습니다. 이 자료는 결정론적, 비가역성, 눈사태 효과 등 암호학적 해시 함수의 특징을 설명하지만, SHA-1이 보안 취약점으로 인해 더 이상 권장되지 않는다는 사실을 강조합니다. 낮은 수준의 설명은 C나 CPP에서 다루는 비트 및 배열 연산의 이해를 기반으로 합니다.",,algorithm,105.0
"[""python"", ""cpp"", ""java"", ""c""]",https://www.youtube.com/watch?v=_i4Yxeh5ceQ,"이 영상은 1차원 동적 계획법을 집중적으로 다루며, 계단 오르기 문제를 예시로 사용하여 DP의 발전 과정을 단계별로 보여줍니다. 처음에는 O(2n)O(2n) 시간 복잡도를 가지는 재귀적 접근으로 시작하여, 메모이제이션을 통한 최적화(시간 O(n)O(n))를 거쳐, 최종적으로 변수만을 사용하여 공간 복잡도를 O(1)O(1)으로 줄이는 반복적인 DP 해결 방식까지 다룹니다.",,algorithm,106.0
"[""python""]",https://www.youtube.com/watch?v=Hdr64lKQ3e4,"이 영상은 1차원 동적 계획법(1D DP) 을 파이썬으로 심도 있게 학습하는 종합 강의입니다. 계단 오르기 문제를 기반으로 재귀적 접근 방식(O(2n)O(2n))에서 시작하여, 메모이제이션을 통한 시간 최적화(O(n)O(n)), 그리고 최종적으로 변수만 사용하는 공간 최적화(O(1) 공간) 까지 모든 단계를 상세히 설명하며 DP의 기본 원리를 탄탄하게 다지도록 돕습니다.",,algorithm,107.0
"[""python"", ""cpp"", ""java"", ""c""]",https://www.youtube.com/watch?v=oNoILrFOx2k,"이 영상은 동적 계획법(DP) 을 언제 사용해야 하는지에 대한 직관을 제공합니다. DP는 복잡한 문제를 작은 하위 문제로 나누는 최적화 기법임을 설명하며, DP 문제 식별을 위한 두 가지 핵심 조건인 최적 부분 구조(Optimal Substructure) 와 겹치는 하위 문제(Overlapping Subproblems) 를 강조합니다. 또한, DP가 유용하게 적용되는 5가지 패턴 (순차적 의사 결정, 최대/최소화, 경로 문제 등)을 제시하여 DP 적용 가능성을 판단하는 기준을 알려줍니다.",,algorithm,108.0
"[""python"", ""cpp"", ""java"", ""c""]",https://www.youtube.com/watch?v=8ZiSzteFRYc,"선택 정렬(Selection Sort)이라는 정렬 알고리즘을 다루며, 이는 정렬의 기본 원리를 이해하는 데 초점을 맞춥니다. 이 알고리즘의 핵심은 미정렬된 배열의 나머지 부분에서 가장 작은 값을 찾아 현재 위치와 한 번만 교환하는 것입니다. 이러한 반복적인 탐색 및 교환 과정 덕분에 시간 복잡도는 입력에 관계없이 항상 O(N2)O(N2)로 귀결되며, 이는 가장 효율적인 정렬은 아니지만 구현이 직관적이라는 지식을 전달합니다.",,algorithm,109.0
"[""python"", ""cpp"", ""java"", ""c""]",https://www.youtube.com/watch?v=JUb2iAVZSnM,"다섯 가지 주요 정렬 알고리즘을 비교하며 성능 지식을 전달하는 데 중점을 둡니다. 이 자료를 통해 버블, 선택, 삽입 정렬과 같은 단순 알고리즘은 평균적으로 O(n2)O(n2)의 복잡도를 가지는 반면, 병합 정렬과 퀵 정렬은 분할 정복(Divide and Conquer) 전략을 사용하여 O(nlog⁡n)O(nlogn)이라는 훨씬 효율적인 성능을 달성한다는 핵심 지식을 배웠습니다.",,algorithm,110.0
"[""c""]",https://www.youtube.com/watch?v=wABnJrTps34,"BFS(너비 우선 탐색)와 DFS(깊이 우선 탐색) 알고리즘의 구현을 C 프로그래밍 언어를 사용하여 설명한다. 그래프를 표현하기 위해 인접 행렬을 생성하고, 방문 여부를 기록하기 위한 방문 배열을 설정한다. 사용자는 그래프의 인접 행렬을 입력하고, 시작 노드를 선택하여 BFS 또는 DFS를 수행할 수 있다. BFS는 큐를 사용하여 탐색하며, DFS는 스택을 사용하여 탐색한다. 각 알고리즘은 방문한 노드를 출력하고, 인접한 노드를 큐 또는 스택에 추가하여 탐색을 계속한다.

- BFS는 인접한 노드를 먼저 탐색하고, DFS는 가능한 깊게 탐색한다.
- 인접 행렬은 그래프의 구조를 2차원 배열로 표현한다.
- 방문 배열은 각 노드의 방문 여부를 기록한다.
- BFS는 큐를, DFS는 스택을 사용하여 구현된다.
- 각 알고리즘의 시간 복잡도는 O(V + E)이다.

[tags] BFS, DFS, Graph, Adjacency Matrix
[lang] c",,algorithm,111.0
"[""python"", ""cpp"", ""java"", ""c""]",https://www.youtube.com/watch?v=6lcWCiMzWI8,"이 영상은 동적 계획법(DP) 이란 무엇인지에 대한 가장 기초적인 정의를 제공합니다. DP의 핵심은 복잡한 문제를 작은 하위 문제로 나누고, 과거의 계산 결과를 재활용하여 불필요한 반복 계산을 줄이는 최적화 기법이라는 점을 강조합니다. 피보나치 수열 예시를 간략히 언급하며, DP가 최적 부분 구조와 중복되는 부분 문제의 두 가지 특징을 가짐을 설명합니다.",,algorithm,112.0
"[""python"", ""cpp"", ""java"", ""c""]",https://www.youtube.com/watch?v=3j0SWDX4AtU,"버블 정렬을 단계별(Step-by-Step)로 분석하여 그 메커니즘을 깊이 이해하도록 돕습니다. 이 정렬의 정의적 특징은 인접한 두 원소만 비교하여 교환한다는 것이며, 이 과정에서 가장 큰 원소가 끝으로 이동하는 현상이 반복됩니다. 이 방식은 공간 복잡도 O(1)O(1)인 제자리 정렬이지만, 시간 복잡도는 O(n2)O(n2)로 느리다는 점을 확실히 인지했습니다",,algorithm,113.0
"[""c"",""cpp""]",https://www.youtube.com/watch?v=HqPJF2L5h9U,"이진 트리 표현부터 시작하여 힙(Heap)의 정의와 두 가지 종류(Max-Heap, Min-Heap)를 상세히 설명합니다. 힙에 요소를 삽입할 때는 완전 이진 트리 속성을 유지하며 루트 방향으로 조정하고, 삭제 시에는 루트를 제거하고 마지막 요소를 루트로 가져와 자식 방향으로 조정합니다. 이 삭제 과정을 반복하면 O(n log n) 시간 복잡도를 가지는 힙 정렬(Heap Sort)이 완성되며, 힙은 빠른 삽입/삭제(O(log n)) 덕분에 우선순위 큐를 구현하는 데 최적의 자료구조임을 강조합니다",,algorithm,114.0
"[""python"", ""cpp"", ""java"", ""c""]",https://www.youtube.com/watch?v=CxBYY7XTQvI,"탐욕 알고리즘(Greedy Algorithm)은 현재 시점에서 가장 좋아 보이는 선택을 반복하여 문제를 해결하는 방식입니다. 한국 화폐 거스름돈처럼 화폐 단위 간의 배수 관계가 성립하는 문제에서는 최적해를 보장하지만, 모든 최적화 문제에 적용 가능한 것은 아닙니다. 영상에서는 동전 바꾸기 문제를 예시로, 탐욕 알고리즘이 최적해가 아닌 경우(예: 10원, 30원, 40원 조합)를 보여주며, 이럴 때는 다이나믹 프로그래밍(Dynamic Programming)이 필요함을 지적합니다. 결국 탐욕 알고리즘 적용 가능성을 판단하는 감각을 기르는 것이 중요합니다.",,algorithm,115.0
"[""python"", ""cpp"", ""java"", ""c""]",https://www.youtube.com/watch?v=vw4gqeM4UGs,"강의실 배정 문제에 탐욕 알고리즘이 왜 최적해를 보장하는지 '대우 명제'를 이용한 증명 과정을 보여줍니다. 가장 빨리 끝나는 강의(그리디 선택)를 선택했을 때, 임의의 최적 해에서 첫 번째 강의를 그리디 선택으로 대체해도 여전히 해의 개수가 유지됨을 보입니다. 이 논리를 반복하면 그리디 해가 최적 해와 동일한 개수를 가짐을 증명할 수 있으며, 이는 현재의 선택이 미래의 선택에 영향을 주지 않는다는 조건이 충족될 때 그리디가 유효함을 시사합니다",,algorithm,116.0
"[""java""]",https://www.youtube.com/watch?v=_IZuE7NIeW4,"탐욕 알고리즘은 최적화 문제에서 각 단계마다 국소 최적해를 선택하여 최종적으로 전역 최적해를 달성하려는 기법으로, '욕심쟁이 기법'이라고도 불립니다. 이 알고리즘은 탐욕 선택과 최적 부분 구조라는 두 가지 주요 속성을 가지지만, 항상 최적해를 보장하지는 않으므로 (예: 특정 동전 문제), 이를 증명하거나 반례를 찾아보는 것이 중요합니다. 활동 선택 문제에서는 종료 시간을 기준으로 정렬하여 최대한 많은 활동을 선택하는 방법으로 O(n)의 효율성을 보여주며, 코딩 인터뷰에서 유용하게 활용될 수 있음을 설명합니다.",,algorithm,117.0
"[""java""]",https://www.youtube.com/watch?v=2RwlzBDhGh4,"이 영상은 동적 계획법(DP) 의 실제 적용 사례로 배낭 문제(Knapsack Problem) 와 최장 공통 부분 수열(Longest Common Subsequence, LCS) 을 다룹니다. DP를 통해 두 가지 대표적인 최적화 문제를 효율적으로 해결하는 방법을 보여주며, 개념 설명뿐만 아니라 실제 코드를 통해 구현하는 과정을 제공합니다.",,algorithm,118.0
"[""python"", ""cpp"", ""java"", ""c""]",https://www.youtube.com/watch?v=R8Rw9mIa7JQ,"병합 정렬(Merge Sort)의 작동 원리를 분할 정복 전략을 통해 설명합니다. 이 알고리즘의 핵심 지식은 배열을 끝없이 쪼갠 후, 정렬된 두 개의 부분 배열을 합치는 '병합(Merge)' 단계에서 O(n)O(n)의 추가 작업이 발생하며, 이것이 전체적으로 O(nlog⁡n)O(nlogn)의 안정적인 시간 복잡도를 보장한다는 점입니다.",,algorithm,119.0
"[""python"", ""cpp"", ""java"", ""c""]",https://www.youtube.com/watch?v=7h1s2SojIRw,"퀵 정렬(Quick Sort)의 심장부인 파티셔닝(Partitioning) 과정을 집중적으로 다룹니다. 이 알고리즘의 핵심 지식은 피벗(Pivot)을 기준으로 배열을 재귀적으로 나누어 정렬하며, 파티셔닝 작업의 효율성이 평균 O(nlog⁡n)O(nlogn) 성능을 결정한다는 것입니다.",,algorithm,120.0
"[""python"", ""cpp"", ""java"", ""c""]",https://www.youtube.com/watch?v=AjCZ8jfLHmc,"그리디 알고리즘은 미래를 고려하지 않고 매 순간 가장 좋아 보이는 선택을 하는 '욕심쟁이 기법'으로, 한국 화폐처럼 화폐 단위가 배수 관계일 경우 최소 화폐 개수를 구하는 문제에 효과적입니다. 하지만 항상 글로벌 최적해를 보장하는 것은 아니며, 최적성을 증명하기 위해서는 수학적 접근이나 메트로이드(Matroid) 이론을 활용할 수 있습니다. 이 이론은 문제의 해 집합이 특정 조건을 만족할 때, 매 순간의 로컬 옵티멈이 최종적으로 글로벌 옵티멈으로 이어진다는 것을 보장해주며, 미니멈 스패닝 트리(MST) 문제가 대표적인 예시입니다",,algorithm,121.0
"[""c""]",https://www.youtube.com/watch?v=6drK7cVIb84,"선택 정렬의 작동 원리를 C언어 코드와 결합하여 심층적으로 설명합니다. 이 영상의 지식은 배열을 '정렬된 부분'과 '정렬 안 된 부분'으로 나누고, 매번 정렬 안 된 부분에서 최솟값을 뽑아 경계로 옮기는 과정의 구현적 측면에 집중되어 있으며, 이러한 중첩된 접근 방식 때문에 시간 복잡도가 O(n2)O(n2)로 확정된다는 점을 명확히 보여줍니다.",,algorithm,122.0
"[""java""]",https://www.youtube.com/watch?v=-WTslqPbj7I,"탐욕 알고리즘은 '최소', '최대', '최장', '최단' 등의 키워드가 포함된 최적화 문제에 주로 사용됩니다. 매 단계에서 가장 좋아 보이는 선택을 반복하는 방식으로 동작하며, 일반적으로 O(n) 또는 O(n log n)의 빠른 성능을 보인다는 장점이 있습니다. 하지만 항상 최적해를 보장하지 않으므로, 작은 예시(Test Case)로 반례를 찾아보거나 논리적 추론을 통해 정당성을 확인해야 합니다. 영상에서는 레모네이드 판매 시 잔돈 계산 문제와 배열 쌍 합 최소화 문제 등 실용적인 예시를 통해 탐욕적 선택이 어떻게 작동하는지 설명합니다.",,algorithm,123.0
"[""python"", ""cpp"", ""java"", ""c""]",https://www.youtube.com/watch?v=gTfNtop9vzM," 웹사이트에서 비밀번호를 안전하게 저장하는 업계 표준 방법으로 해싱을 소개하며, 일반 텍스트나 암호화 방식보다 비가역성(irreversible) 측면에서 우수함을 강조합니다. 동일한 입력에는 항상 동일한 해시값이 나오므로 로그인 시 입력값을 해싱하여 저장된 값과 비교하는 방식으로 인증이 이루어집니다. 또한, 해시 충돌 문제를 해결하고 보안을 강화하기 위해 비밀번호에 무작위 문자열을 추가하는 솔팅(Salting)과 페퍼링(Peppering) 기법을 자세히 설명하며, 이들이 해시의 보안성을 어떻게 높이는지 다룹니다.",,algorithm,124.0
"[""python"", ""cpp"", ""java"", ""c""]",https://www.youtube.com/watch?v=d_IwJK44jUM,"그리디 알고리즘은 현재 시점에 가장 좋은 선택에만 집중하는 '상남자 알고리즘' 또는 '경주마 알고리즘'으로 비유되며, 정렬이 핵심 전략입니다. 이 방식은 현재 선택이 미래에 영향을 주지 않고(탐욕스러운 선택 조건), 부분 문제의 최적해가 전체 최적해를 이룰 때(최적 부분 구조 조건)에만 최적해를 보장합니다. 회의실 배정 문제에서 종료 시간이 빠른 회의부터 선택하는 것이 최적해를 찾는 예시이며, 이 알고리즘은 DP보다 빠르지만 항상 최적해를 보장하지 않아 코딩 테스트에서는 보장되는 경우에만 사용해야 함을 명시합니다.",,algorithm,125.0
"[""python""]",https://www.youtube.com/watch?v=jmtzX-NPFDc," 암호학적 해시 함수를 '마법의 블랙박스'에 비유하며, 동일 입력에는 동일 출력, 입력 크기에 무관한 일정 출력 크기, 빠른 계산 속도, 비가역성, 큰 변화를 유발하는 특성을 설명합니다. 특히 비트코인 채굴에서 사용되는 작업증명(Proof of Work) 방식을 구체적인 예시로 들며, 특정 조건(예: 해시값 앞자리에 0이 여러 개 붙는 것)을 만족하는 해시값을 찾기 위해 컴퓨터가 무수히 많은 추측(Guess and Check)을 수행하는 과정을 보여줍니다. 이 과정에서 PYTHON 코드를 사용하여 시도 횟수와 결과를 설명하는 부분이 포함되어 있습니다.",,algorithm,126.0
"[""python"", ""cpp"", ""java"", ""c""]",https://www.youtube.com/watch?v=xsp--srKWKw,"해시 함수(Hash Function)가 데이터를 고유한 디지털 지문(Digest)으로 변환하는 알고리즘임을 설명하며, 이 기능이 주로 데이터 비교 목적에 사용된다고 명확히 합니다. 해시 함수의 세 가지 주요 특징으로 원본 복원이 불가능한 단방향성, 입력 길이에 상관없이 동일한 크기를 유지하는 고정된 크기, 그리고 서로 다른 입력은 다른 해시값을 생성하는 고유성을 꼽습니다. 트위터 로그인 시 비밀번호가 평문이 아닌 해시된 다이제스트 형태로 데이터베이스에 저장되고 비교되는 과정을 예시로 들어 비밀번호 보안 활용법을 보여줍니다.",,algorithm,127.0
"[""c""]",https://www.youtube.com/watch?v=sHwZMJU4wr0,"해싱을 O(log N) 시간 복잡도를 가진 제어 탐색보다 더 빠른 O(1) 탐색을 가능하게 하는 기법으로 소개합니다. 해시 함수는 임의 길이 데이터를 고정 길이의 숫자값(해시 값)으로 변환하며, 해시 테이블에 데이터를 저장하는 방식입니다. 이 해시 함수는 단방향성, 고정 길이 매핑, 충돌 저항성이라는 세 가지 주요 특징을 가지며, 충돌이 발생했을 때는 오픈 해싱(체이닝)이나 클로즈드 해싱(선형 탐색) 기법으로 해결한다고 설명합니다. 궁극적으로 이 기법은 시간 복잡도를 줄이기 위해 메모리 공간을 더 사용하는 트레이드오프를 활용합니다.",,algorithm,128.0
"[""c""]",https://www.youtube.com/watch?v=zFL29ydL9D8,"해시를 키-값(Key-Value) 형태의 자료구조로 소개하며, 배열과 달리 문자열과 같은 모든 데이터 타입의 키로 접근 가능하다는 장점을 강조합니다. 코딩 테스트에서 자주 나오는 '완주하지 못한 선수 찾기' 문제를 예시로 들며, 해시 맵을 사용하면 이름(문자열 키)을 기반으로 참여/완주 여부(값)를 효율적으로 관리할 수 있음을 설명합니다. 특히, put, get, 그리고 키가 없을 때 기본값을 반환하는 getOrDefault 함수 사용법을 통해 실용적인 활용을 제시합니다. 이 영상은 해시의 개념적 이해를 돕기 위해 배열과의 차이점을 중심으로 설명합니다.",,algorithm,129.0
"[""c""]",https://www.youtube.com/watch?v=k-oPKkxDy38,"해시 맵(또는 해시 테이블)의 가장 큰 장점은 데이터 크기에 관계없이 삽입, 삭제, 갱신, 탐색이 모두 상수 시간(O(1))에 처리된다는 점을 상세히 설명합니다. 한국 영화 배우 투표 시스템을 예로 들어, 새로운 배우가 득표할 때마다 이름(키)을 기반으로 득표수(값)를 빠르게 업데이트하거나 새로 추가하는 과정을 보여줍니다. 해시 함수는 키(문자열)를 배열의 인덱스(정수)로 변환하는 핵심 역할을 하며, 이를 통해 메모리를 효율적으로 사용하면서도 빠른 접근 속도를 확보한다고 말합니다. 이 자료는 성능 측면에서 해시 맵의 우수성을 강조합니다",,algorithm,130.0
"[""cpp"",""python""]",https://www.youtube.com/watch?v=VnBae40DfjE,"수론적 알고리즘에 초점을 맞추며, 특히 암호학(RSA 등)의 기초가 되는 개념을 다룹니다. 유클리드 알고리즘(GCD)과 이를 확장한 확장 유클리드 알고리즘(모듈러 역원 계산)의 효율성을 설명합니다. 또한, 페르마의 소정리나 오일러의 토션 함수를 활용하여 모듈러 지수화가 왜 작동하는지, 그리고 RSA의 공개키/개인키 생성 및 복호화가 수학적으로 어떻게 보장되는지 설명합니다.",,algorithm,131.0
"[""python"", ""cpp"", ""java"", ""c""]",https://www.youtube.com/watch?v=Z-qH-RxOSwE,"컴퓨터의 빠른 속도에도 불구하고 방대한 데이터 크기 때문에 알고리즘의 효율성(속도와 메모리)이 매우 중요함을 강조합니다. 이 영상은 알고리즘의 중요성을 직관적으로 설명하며, 선형 탐색(O(n))과 이진 탐색(O(log n))의 성능 차이를 통해 알고리즘 설계가 실제 문제 해결에 미치는 영향을 시각적으로 보여줍니다. 더 나은 알고리즘 설계는 기술 발전 효과를 대체할 수 있으며, 이는 코딩 인터뷰에서 알고리즘 지식이 필수적인 이유라고 설명합니다.",,algorithm,132.0
"[""c""]",https://www.youtube.com/watch?v=aj59L-_7V70,"알고리즘은 문제 해결을 위한 체계적인 일련의 명령문이며, 입력(Input)으로부터 원하는 출력(Output)을 도출하는 명확한 절차를 의미합니다. 단순 코딩 구현을 넘어, 수도 코드(Pseudocode)를 활용하여 논리적 표현력을 기르는 훈련이 중요하다고 강조합니다. 알고리즘 학습은 예상치 못한 오류를 방지하고 모든 경우를 다루는 컴퓨팅 사고력을 강화하는 데 필수적이며, 이는 자료 구조와 같은 선수 지식이 기반이 됨을 언급합니다.",,algorithm,133.0
"[""python"", ""cpp"", ""java"", ""c""]",https://www.youtube.com/watch?v=-I0-PFmCJHc,"알고리즘 효율성 분석의 핵심인 Big O 표기법을 소개합니다. 시간 복잡도와 공간 복잡도를 중심으로 설명하며, O(1)(상수), O(n)(선형), O(n²)(이차) 등 다양한 예시 코드를 통해 복잡도 계산법을 시연합니다. 특히, 중첩 루프(nested loop)와 순차 루프(sequential loop)의 차이를 명확히 하고, Big O 표기법에서 상수와 하위 항을 제거하여 가장 지배적인 성장률을 포착하는 규칙을 명확히 설명합니다.",,algorithm,134.0
"[""cpp"",""python""]",https://www.youtube.com/watch?v=U22u6E2udUI,"조합(Combination)은 코딩 테스트와 동적 계획법(DP)의 기초가 되는 핵심 이론입니다. 영상에서는 수학적 정의(nCr=n개 중 r개 선택nCr=n개 중 r개 선택)와 순열과의 차이점을 설명한 뒤, 알고리즘적 관점에서 조합의 점화식을 도출하는 과정을 상세히 다룹니다. 특히, 마지막 원소를 선택하거나 선택하지 않는 경우로 나누어 전체 경우의 수를 커버하는 논리를 통해 일반화된 점화식을 만드는 방법을 보여주며, 이는 DP 문제 해결의 근간이 됨을 강조합니다.",,algorithm,135.0
"[""python"", ""cpp"", ""java"", ""c""]",https://www.youtube.com/watch?v=bIcSWFaLZrk,"빅오(Big-O) 표기법은 알고리즘의 시간 복잡도와 공간 복잡도를 수학적으로 근사하여 표현하는 핵심 방법론입니다. 이 표기법은 알고리즘이 입력 크기(n)에 따라 얼마나 효율적인지를 환경 독립적으로 평가하게 합니다. 영상에서는 O(1), O(n), O(n log n) 등 주요 복잡도들의 의미를 설명하고, 실제 문제에서 T(n) = C * f(n) 형태의 방정식을 통해 상수 C를 구하고 원하는 입력 크기에서의 실행 시간을 예측하는 실질적인 문제 풀이 과정을 시연합니다.",,algorithm,136.0
"[""python"", ""cpp"", ""java"", ""c""]",https://www.youtube.com/watch?v=1weJkBzpAJE,"암호화 해시 함수의 핵심 자질로 결정론적, 빠른 계산 속도, 단방향성, 작은 변화에도 큰 결과값 변화(눈사태 효과), 그리고 낮은 충돌 확률을 명시합니다. 이러한 특성 덕분에 파일 다운로드 시 무결성을 검증하거나, 데이터베이스에 비밀번호를 안전하게 저장하는 데 필수적으로 활용된다고 설명합니다. MD5 같은 구형 해시 함수가 SHA-256 같은 최신 알고리즘보다 보안에 취약하다는 점을 지적하며, 데이터가 해시값으로 저장되어 서버 해킹 시에도 평문 유출 위험을 막는다는 점을 강조합니다",,algorithm,137.0
"[""python""]",https://www.youtube.com/watch?v=vnjjMVcO-R4,"DFS(깊이 우선 탐색) 알고리즘을 사용하여 연결되지 않은 그래프를 탐색하는 방법에 대해 설명한다. 연결되지 않은 그래프는 여러 개의 연결 요소로 구성되어 있어, DFS를 한 번 호출하면 모든 노드를 방문할 수 없다. 예를 들어, 시작 노드를 A로 설정하면 A와 연결된 노드들만 방문할 수 있으며, 다른 연결 요소의 노드는 방문할 수 없다. 이를 해결하기 위해, 그래프의 모든 노드를 확인하고 방문하지 않은 노드가 있다면 해당 노드에서 DFS를 다시 호출해야 한다.

이 과정에서 각 노드가 방문되었는지 확인하기 위해 방문 집합을 사용하고, 모든 노드가 방문되었는지 체크하는 조건을 추가한다. 이 방법을 통해 연결되지 않은 그래프의 모든 노드를 탐색할 수 있으며, 각 연결 요소를 개별적으로 처리할 수 있다.

- DFS는 연결되지 않은 그래프의 모든 노드를 탐색하는 데 사용된다.
- 방문하지 않은 노드가 있을 경우 DFS를 재호출한다.
- 방문 집합을 통해 노드의 방문 여부를 확인한다.

[tags] DFS
[lang] unknown","[""DFS"",""Graph"",""Stack""]",algorithm,
"[""python""]",https://www.youtube.com/watch?v=dqnZShCbQiI,"DFS(깊이 우선 탐색) 알고리즘을 반복적인 방식으로 구현하는 방법에 대해 설명한다. 그래프는 인접 리스트 형태로 표현되며, 노드와 인접 노드를 딕셔너리로 저장한다. 반복적 DFS 함수는 시작 노드를 매개변수로 받아 스택을 사용하여 탐색을 수행한다. 시작 노드를 스택에 추가한 후, 스택에서 노드를 꺼내어 방문 여부를 확인하고, 방문하지 않은 경우 해당 노드를 방문 처리하고 인접 노드를 스택에 추가한다. 이 과정을 스택이 비어있을 때까지 반복한다.

- DFS는 스택을 사용하여 구현된다.
- 방문한 노드는 visited 집합에 저장된다.
- 시작 노드는 사용자로부터 입력받는다.
- 그래프에 노드가 존재하지 않으면 탐색을 중단한다.
- 스택이 비어있을 때까지 반복하여 탐색을 진행한다.

[tags] DFS, Stack
[lang] python","[""DFS"",""Graph"",""Stack""]",algorithm,
"[""python""]",https://www.youtube.com/watch?v=Sbciimd09h4,"깊이 우선 탐색(DFS)은 트리를 탐색하는 방법으로, 여러 가지 방식(전위, 중위, 후위)으로 구현할 수 있다. 전위 탐색은 노드를 처리한 후 자식 노드로 이동하고, 중위 탐색은 자식 노드를 모두 탐색한 후 부모 노드를 처리하며, 후위 탐색은 모든 자식 노드를 탐색한 후 부모 노드를 처리한다. DFS는 재귀적 방법과 반복적 방법으로 구현할 수 있으며, 재귀적 방법은 자연스럽고 간단하지만 호출 스택의 제한이 있다. 반복적 방법은 스택을 직접 사용하여 구현하며, 더 빠르지만 복잡하다.

- DFS는 트리 구조에서 노드를 탐색하는 기법이다.
- 전위, 중위, 후위 탐색 방식이 있다.
- 재귀적 구현은 간단하지만 호출 스택의 크기에 제한이 있다.
- 반복적 구현은 스택을 사용하여 더 빠르지만 복잡하다.

[tags] DFS, Pre-order, In-order, Post-order
[lang] python","[""DFS"",""Stack"",""Tree""]",algorithm,
"[""python""]",https://www.youtube.com/watch?v=QUlkiLgFdHU,"그래프 탐색은 그래프의 모든 노드를 방문하는 과정을 의미하며, 이 강의에서는 깊이 우선 탐색(DFS)과 너비 우선 탐색(BFS) 두 가지 알고리즘을 다룬다. DFS는 시작 노드에서 시작하여 인접한 노드를 방문하는 방식으로 진행된다. 모든 노드를 방문할 때까지 인접 노드를 선택하여 계속 진행하며, 더 이상 방문할 노드가 없을 경우에는 이전 노드로 되돌아가(backtrack) 새로운 경로를 탐색한다. 이 과정은 모든 노드를 방문할 때까지 반복된다.

DFS의 주요 단계는 다음과 같다:
- 시작 노드에서 탐색을 시작하고 해당 노드를 방문한다.
- 현재 노드의 인접 노드 중 하나를 선택하여 방문한다.
- 더 이상 방문할 노드가 없을 경우, 이전 노드로 되돌아가서 다른 경로를 탐색한다.
- 모든 노드를 방문하면 탐색을 종료한다.

이 알고리즘은 깊이 우선으로 탐색하기 때문에 한 경로를 끝까지 탐색한 후에야 다른 경로로 이동한다.

[tags] DFS, Graph Traversal
[lang] unknown","[""DFS"", ""Graph"",""Backtracking"",""Tree""]",algorithm,
"[""python""]",https://www.youtube.com/watch?v=X378u6fEfQU,"깊이 우선 탐색(DFS)은 그래프의 모든 노드를 탐색하는 알고리즘으로, 주어진 노드에서 시작하여 가능한 한 깊게 탐색한 후, 더 이상 갈 수 없게 되면 이전 노드로 돌아가 다른 경로를 탐색하는 방식이다. DFS는 스택 자료구조를 사용하여 구현할 수 있으며, 재귀적 방법과 반복적 방법 두 가지로 나뉜다. 이 과정에서 각 노드를 방문할 때마다 해당 노드를 출력하고, 인접한 노드를 스택에 추가하여 탐색을 계속한다.

DFS의 주요 특징은 다음과 같다:
- 스택을 사용하여 현재 노드를 관리하고, 인접 노드를 추가하여 탐색을 진행한다.
- 탐색 순서는 시작 노드에서 인접 노드로 이동하며, 모든 경로를 탐색한 후 다음 경로로 넘어간다.
- 탐색 결과는 시작 노드에 따라 달라질 수 있다.

[tags] DFS, Stack
[lang] unknown","[""DFS"", ""Stack"", ""Graph""]",algorithm,
"[""python""]",https://www.youtube.com/watch?v=tgZfurW8w1g,"깊이 우선 탐색(DFS)을 재귀적으로 구현하는 방법에 대해 설명한다. DFS는 그래프의 각 노드를 방문하는 알고리즘으로, 재귀 호출을 통해 각 노드를 탐색한다. 시작 노드를 출력한 후, 해당 노드와 연결된 모든 노드에 대해 재귀적으로 DFS 함수를 호출하여 탐색을 진행한다. 이 과정에서 연결된 노드가 없을 경우, 함수는 종료된다. 

재귀 호출의 기초 조건은 현재 노드의 연결된 노드 리스트가 비어있을 때 함수가 종료되는 것이다. 이 방식으로 DFS를 수행하면, 그래프의 모든 노드를 깊이 우선으로 탐색할 수 있다. 예를 들어, 시작 노드가 10일 경우, 10에서 연결된 노드인 20, 30, 40, 50을 차례로 방문하게 된다. 

- DFS는 재귀적 접근을 통해 구현된다.
- 각 노드를 방문할 때마다 해당 노드를 출력한다.
- 연결된 노드가 없으면 재귀 호출이 종료된다.
- 그래프의 구조에 따라 탐색 순서가 달라질 수 있다.

[tags] DFS, Recursion
[lang] unknown","[""DFS"", ""Stack"", ""Graph""]",algorithm,
"[""python""]",https://www.youtube.com/watch?v=U6UkRe3JHEk,"깊이 우선 탐색(DFS) 알고리즘은 그래프를 탐색하는 두 가지 주요 기법 중 하나로, 루트 노드에서 시작하여 가능한 깊이까지 탐색한 후, 더 이상 진행할 수 없을 때 백트래킹하여 다른 경로를 탐색하는 방식이다. 이 과정에서 스택을 사용하며, 스택의 마지막에 들어온 요소가 먼저 나가는 LIFO(Last In First Out) 원칙을 따른다. DFS는 각 노드를 방문할 때마다 방문한 노드를 기록하고, 자식 노드가 있는 경우 재귀적으로 DFS를 호출하여 탐색을 계속한다.

구현 시, 그래프는 딕셔너리 형태로 표현되며, DFS 함수는 그래프, 현재 노드, 방문한 노드 리스트를 인자로 받아 작동한다. 방문하지 않은 노드를 방문 리스트에 추가하고, 자식 노드가 있을 경우 DFS를 재귀적으로 호출하여 탐색을 진행한다. 이 알고리즘은 모든 노드를 탐색한 후 방문한 노드 리스트를 반환한다.

- DFS는 그래프 탐색의 기본 기법이다.
- 스택을 사용하여 LIFO 원칙을 따른다.
- 재귀 호출을 통해 자식 노드를 탐색한다.
- 방문한 노드는 리스트에 기록된다.
- 그래프는 딕셔너리 형태로 표현된다.

[tags] DFS
[lang] python","[""DFS"", ""Stack"", ""Graph""]",algorithm,
"[""python""]",https://www.youtube.com/watch?v=NNFm4WRzAAg,"깊이 우선 탐색(DFS) 알고리즘은 그래프에서 특정 노드를 찾기 위해 사용됩니다. 이 알고리즘은 스택과 집합을 활용하여 구현됩니다. 스택은 현재 탐색 중인 노드를 저장하고, 집합은 이미 처리한 노드를 기록하여 중복 처리를 방지합니다. DFS는 재귀적 또는 비재귀적 방식으로 구현할 수 있으며, 두 경우 모두 시간 복잡도는 노드 수와 간선 수의 합에 비례하고, 공간 복잡도는 노드 수에 해당합니다.

DFS의 재귀적 구현에서는 각 루트 노드에 대해 재귀적으로 탐색을 수행하고, 비재귀적 구현에서는 스택을 사용하여 노드를 처리합니다. 두 구현 모두 목표 노드를 찾으면 해당 노드를 반환하고, 찾지 못하면 None을 반환합니다. 테스트를 통해 알고리즘의 정확성을 검증하며, 주어진 그래프에서 특정 값이 존재하는지 확인할 수 있습니다.

- DFS는 그래프 탐색 알고리즘이다.
- 스택과 집합을 사용하여 구현된다.
- 재귀적 및 비재귀적 방식으로 구현 가능하다.
- 시간 복잡도는 O(V + E), 공간 복잡도는 O(V)이다.
- 그래프의 연결 상태에 따라 여러 루트를 처리할 수 있다.

[tags] DFS
[lang] python","[""DFS"", ""Stack"", ""Graph"", ""Set""]",algorithm,
"[""python""]",https://www.youtube.com/watch?v=Y-I9b3rOo3Q,"DFS(Depth First Search) 알고리즘은 그래프를 탐색하는 방법으로, 주어진 시작 노드에서 인접한 노드를 재귀적으로 방문하는 방식으로 작동한다. 이 강의에서는 인접 리스트를 사용하여 그래프를 표현하고, 파이썬으로 DFS 함수를 구현하는 방법을 설명한다. DFS 함수는 시작 노드와 방문한 노드를 추적하기 위한 집합을 매개변수로 받아, 각 노드를 방문할 때마다 해당 노드가 이미 방문되었는지 확인하고, 방문하지 않은 인접 노드를 재귀적으로 탐색한다.

DFS 구현 시 주의할 점은 방문한 노드를 추적하기 위해 집합을 사용하고, 재귀 호출 시 이 집합을 초기화하지 않도록 외부에서 정의해야 한다는 것이다. 또한, 그래프에 존재하지 않는 노드를 탐색하려 할 경우 오류를 방지하기 위해 사전 검사를 추가하는 것이 좋다. 이 알고리즘은 비가중치 비방향 그래프에 적합하며, 가중치 그래프의 경우 인접 리스트의 구조를 변경해야 한다.

- DFS는 재귀적으로 노드를 탐색한다.
- 인접 리스트를 사용하여 그래프를 표현한다.
- 방문한 노드를 추적하기 위해 집합을 사용한다.
- 그래프에 없는 노드를 탐색할 경우 오류 처리가 필요하다.
- 비가중치 비방향 그래프에 적합하다.

[tags] DFS, 그래프, 재귀, 인접 리스트
[lang] python","[""DFS"", ""Graph"", ""Set""]",algorithm,
"[""java""]",https://www.youtube.com/watch?v=8upKVJc1tgo,"주어진 문제는 두 개의 배열에서 최대 공약수를 활용하여 특정 조건을 만족하는 숫자를 찾는 것입니다. 첫 번째 조건은 배열 A의 모든 요소를 나눌 수 있는 숫자를 찾는 것이고, 두 번째 조건은 배열 B의 모든 요소로 나눌 수 없어야 합니다. 이를 해결하기 위해 먼저 각 배열의 최대 공약수를 구하고, 그 값을 가지고 상대 배열의 요소들을 나눌 수 있는지를 확인합니다. 만약 나눌 수 없다면 해당 값은 후보가 되며, 이 과정에서 최대 값을 찾아 최종 정답으로 반환합니다.

- 두 배열의 최대 공약수를 구한다.
- A의 최대 공약수로 B의 요소를 나눠보고, 나눠지지 않으면 후보로 둔다.
- B의 최대 공약수로 A의 요소를 나눠보고, 나눠지지 않으면 후보로 둔다.
- 후보 중 최대 값을 정답으로 선택한다.

[tags] GCD, 배열, 조건문
[lang] unknown","[""Math"",""Array"",""Simulation""]",algorithm,
"[""java""]",https://www.youtube.com/watch?v=Jb34jY91450,"주어진 문제는 카카오 코딩 테스트의 ""메뉴 리뉴얼""로, 주어진 코스 길이에 따라 주문된 음식 조합을 찾아내는 것입니다. 먼저, 각 주문을 정렬하여 조합의 순서가 중요하지 않도록 하고, 이후 각 코스 길이에 맞춰 조합을 생성합니다. 이 과정에서 해시맵을 사용하여 각 조합의 주문 횟수를 기록하고, 가장 많이 주문된 조합을 추출합니다. 최종적으로 2개 이상의 조합만 유효하므로, 이를 기준으로 결과를 반환합니다.

주요 체크포인트:
- 주문을 정렬하여 조합의 순서 무관성을 활용.
- 해시맵을 통해 조합의 주문 횟수를 관리.
- 2개 이상의 조합만 유효하다는 조건을 고려.
- 재귀 함수를 통해 조합 생성 로직 구현.

[tags] HashMap, Combination, Sorting
[lang] unknown","[""HashMap"", ""Sorting"", ""Backtracking""]",algorithm,
"[""python""]",https://www.youtube.com/watch?v=5C0IxOYVrhg,"피보나치 수열 문제를 해결하기 위해 세 가지 방법을 소개한다. 첫 번째는 재귀 함수를 사용하는 방법으로, 피보나치 수의 정의에 따라 n번째 수를 n-1번째와 n-2번째 수의 합으로 계산한다. 이때, n이 0이나 1일 경우에는 각각 0과 1을 반환하는 탈출 조건이 필요하다. 그러나 이 방법은 중복 계산이 많아 비효율적이다.

두 번째 방법은 동적 계획법(DP)을 활용하여 이미 계산된 값을 저장하고 재사용함으로써 중복 계산을 줄인다. DP 배열을 사용하여 피보나치 수를 계산하고, 이전에 계산된 값이 존재할 경우 이를 반환하도록 구현한다. 마지막으로, DP 배열만을 사용하여 반복문으로 피보나치 수를 계산하는 방법도 소개된다. 이 방법은 성능이 더 우수하며, 재귀 호출 없이 직접 배열을 채워나가는 방식이다.

- 재귀 함수는 간단하지만 비효율적
- DP를 통해 중복 계산 방지
- 반복문을 통한 DP 구현은 성능 우수
- 피보나치 수는 기본적인 알고리즘 문제
- 문제 해결 과정에서 재귀와 DP의 이해가 중요

[tags] DP, 재귀, 피보나치
[lang] unknown","[""DP"", ""Array"", ""Math""]",algorithm,
"[""java""]",https://www.youtube.com/watch?v=z1ijEwTdq0w,"주어진 문제는 그래프를 이용하여 바이러스가 퍼지는 과정을 시뮬레이션하는 것입니다. 입력으로 주어진 n(노드 수)과 m(간선 수)을 바탕으로, 각 노드 간의 연결 정보를 그래프 형태로 저장합니다. DFS(깊이 우선 탐색) 알고리즘을 사용하여 특정 노드에서 시작해 연결된 모든 노드를 방문하며, 방문한 노드의 수를 세어 최종적으로 감염된 노드 수를 계산합니다. 이 과정에서 방문 여부를 기록하기 위해 visited 배열을 사용하며, 이미 방문한 노드는 다시 방문하지 않도록 합니다.

- 그래프는 2차원 배열로 표현되며, 연결된 노드는 True로 표시됩니다.
- DFS는 재귀적으로 호출되며, 방문한 노드 수를 세기 위해 answer 변수를 사용합니다.
- 최종적으로 감염된 노드 수는 방문한 노드 수에서 시작 노드를 제외한 값을 출력합니다.

[tags] DFS, 그래프, 재귀
[lang] java","[""DFS"", ""Graph"", ""Matrix""]",algorithm,
"[""java""]",https://www.youtube.com/watch?v=x6iO0ZH9h7Q,"깊이 우선 탐색(DFS) 알고리즘은 그래프의 모든 정점을 정확히 한 번 방문하는 방식으로 작동합니다. DFS는 특정 경로를 따라 최대한 깊이 들어가고, 더 이상 방문할 정점이 없으면 가장 가까운 부모 정점으로 되돌아가 다른 경로를 탐색합니다. 이 과정에서 스택 자료구조를 사용하여 방문한 정점을 관리하며, 비방문 이웃 정점만 스택에 추가하여 무한 루프를 방지합니다. DFS는 반복적 또는 재귀적으로 구현할 수 있으며, 두 방식 모두 유효한 DFS 구현입니다.

- DFS는 스택을 사용하여 비방문 정점을 관리합니다.
- 반복적 구현은 모든 이웃을 스택에 추가한 후 처리합니다.
- 재귀적 구현은 각 정점을 방문할 때마다 처리합니다.
- 이웃의 순서를 유지하려면 이웃 리스트를 역순으로 추가하거나 재귀적 방법을 사용해야 합니다.
- DFS는 그래프의 구조에 따라 다양한 방식으로 구현할 수 있습니다.

[tags] DFS, Stack
[lang] unknown","[""DFS"", ""Graph"", ""Stack"", ""Queue""]",algorithm,
"[""python""]",https://www.youtube.com/watch?v=_Dr38nGgpBk,"깊이 우선 탐색(DFS)은 데이터 구조를 탐색하고 검색하는 기본 알고리즘으로, 이진 트리와 같은 구조에서 자주 사용됩니다. DFS의 핵심 아이디어는 가능한 깊이 들어가다가 막히면 되돌아가 다른 경로를 탐색하는 것입니다. 이진 트리의 경우, DFS는 전위, 중위, 후위 순회 방식으로 구현할 수 있으며, 재귀적 접근과 명시적 스택을 사용한 반복적 접근 모두 가능합니다. 재귀적 방법은 시스템의 호출 스택을 활용하여 간결하게 구현되며, 반복적 방법은 스택을 사용하여 노드를 관리합니다.

DFS의 시간 복잡도는 O(N)으로, N은 노드의 수입니다. 공간 복잡도는 재귀 깊이에 따라 달라지며, 최악의 경우 O(N), 균형 잡힌 이진 트리에서는 O(log N)입니다. DFS는 그래프 연결성 검사, 경로 찾기 문제, 조합 문제 등 다양한 실제 응용 분야에서 활용됩니다.

- DFS는 깊이 우선 탐색 알고리즘이다.
- 이진 트리에서 전위, 중위, 후위 순회로 구현 가능하다.
- 시간 복잡도는 O(N), 공간 복잡도는 O(N) 또는 O(log N)이다.
- 재귀적 및 반복적 방법으로 구현할 수 있다.
- 다양한 문제 해결에 활용된다.

[tags] DFS, Binary Tree, Graph Traversal, Recursion, Iteration
[lang] unknown","[""DFS"", ""Tree"", ""Graph"", ""Stack""]",algorithm,
"[""java""]",https://www.youtube.com/watch?v=FGswVJHx5Hk,"깊이 우선 탐색(DFS) 알고리즘은 그래프의 한 정점에서 시작하여 가능한 깊이까지 탐색한 후, 이웃 정점으로 이동하는 방식으로 작동합니다. 이 알고리즘은 스택을 사용하여 구현되며, 각 정점은 방문 여부를 기록하는 불리언 변수를 통해 관리됩니다. DFS는 먼저 깊이를 우선적으로 탐색하고, 모든 이웃을 방문한 후에 다음 이웃으로 넘어갑니다. 이 과정에서 인접 행렬을 사용하여 정점 간의 연결 관계를 표현합니다.

DFS의 시간 복잡도는 O(V + E)로, 여기서 V는 정점의 수, E는 간선의 수를 의미합니다. 이 알고리즘은 그래프의 모든 정점을 방문할 수 있으며, 구현 시 스택을 활용하여 방문한 정점을 추적합니다. DFS는 그래프 탐색, 경로 찾기, 그리고 연결 요소 탐색 등 다양한 문제에 활용될 수 있습니다.

- 깊이 우선 탐색(DFS) 알고리즘의 기본 원리
- 스택을 사용한 정점 방문 관리
- 인접 행렬을 통한 그래프 표현
- 시간 복잡도: O(V + E)

[tags] DFS, Graph, Adjacency Matrix
[lang] java","[""DFS"", ""Graph"", ""Matrix"", ""Stack""]",algorithm,
"[""java""]",https://www.youtube.com/watch?v=Kfm00t4YKow,"너비 우선 탐색(BFS)과 깊이 우선 탐색(DFS)은 이진 트리를 순회하는 두 가지 방법이다. BFS는 큐를 사용하여 레벨별로 노드를 탐색하며, 먼저 루트 노드를 큐에 추가한 후, 큐가 비어있지 않은 동안 노드를 제거하고 출력하며, 자식 노드가 존재할 경우 큐에 추가하는 방식으로 진행된다. 이 과정은 각 레벨을 차례로 탐색하여 노드를 출력하는 방식으로 이루어진다.

반면, DFS는 재귀적으로 노드를 탐색하는 방법으로, 현재 노드가 null이 아닐 경우 노드 데이터를 출력하고 왼쪽 자식 노드와 오른쪽 자식 노드를 순차적으로 탐색한다. 이 방식은 트리의 깊이를 우선적으로 탐색하여 노드를 출력하는 특징이 있다. 두 알고리즘 모두 이진 트리의 구조를 효과적으로 탐색할 수 있는 방법이다.

- BFS는 큐를 사용하여 레벨별로 탐색
- DFS는 재귀를 통해 깊이 우선 탐색
- BFS는 노드가 null이 아닐 경우 자식 노드를 큐에 추가
- DFS는 왼쪽 자식 노드부터 탐색 후 오른쪽 자식 노드 탐색

[tags] BFS, DFS
[lang] java","[""BFS"", ""DFS"", ""Tree"", ""Queue""]",algorithm,
"[""java""]",https://www.youtube.com/watch?v=3oQMeGivmp0,"깊이 우선 탐색(DFS)은 그래프나 트리를 탐색하는 알고리즘으로, 특정 노드에서 시작하여 가능한 한 깊이 들어간 후, 더 이상 진행할 수 없을 때 이전 노드로 되돌아가는 방식으로 작동합니다. DFS는 스택을 사용하여 구현되며, 각 노드를 방문할 때마다 방문한 노드를 기록하여 중복 방문을 방지합니다. 이 과정에서 노드의 이웃을 스택에 추가하고, 스택에서 노드를 꺼내어 탐색을 계속합니다.

DFS의 구현 과정은 다음과 같습니다:
1. 시작 노드를 스택에 추가하고 방문 표시.
2. 스택에서 노드를 꺼내고, 그 노드의 이웃을 스택에 추가.
3. 스택이 비어질 때까지 1과 2를 반복.

DFS는 노드 추가 순서에 따라 탐색 결과가 달라질 수 있으며, 다양한 경로를 통해 동일한 그래프를 탐색할 수 있습니다.

- DFS는 스택을 사용하여 구현된다.
- 방문한 노드를 기록하여 중복 방문을 방지한다.
- 노드 추가 순서에 따라 탐색 결과가 달라질 수 있다.
- 그래프는 인접 리스트 또는 행렬로 표현할 수 있다.

[tags] DFS, Stack, Graph
[lang] unknown","[""DFS"", ""Stack"", ""Graph""]",algorithm,
"[""cpp"", ""java""]",https://www.youtube.com/watch?v=Qzf1a--rhp8,"깊이 우선 탐색(DFS)은 그래프를 탐색하는 기법으로, 주어진 시작 노드에서 인접한 노드로 깊이 들어가며 탐색을 진행한다. DFS는 재귀를 통해 구현되며, 각 노드를 방문할 때마다 해당 노드를 '방문한' 것으로 표시하고, 더 이상 방문할 이웃 노드가 없을 경우 이전 노드로 돌아간다. 이 과정은 시작 노드에서부터 인접 노드로 깊이 들어가고, 모든 경로를 탐색할 때까지 반복된다. DFS는 인접 리스트를 사용하여 그래프를 저장하고, 방문 배열을 통해 이미 방문한 노드를 추적한다.

DFS의 시간 복잡도는 O(V + E)로, V는 노드의 수, E는 간선의 수를 의미한다. 공간 복잡도는 최악의 경우 O(V)로, 재귀 호출 스택과 방문 배열을 포함한다. DFS는 다양한 경로를 탐색할 수 있으며, 시작 노드에 따라 탐색 순서가 달라질 수 있다.

- DFS는 깊이 우선 탐색 기법이다.
- 재귀를 통해 구현되며, 방문한 노드는 다시 방문하지 않는다.
- 인접 리스트를 사용하여 그래프를 표현한다.
- 시간 복잡도는 O(V + E), 공간 복잡도는 O(V)이다.

[tags] DFS, Recursion, Graph, Adjacency List
[lang] unknown","[""DFS"", ""Graph""]",algorithm,
"[""cpp""]",https://www.youtube.com/watch?v=bOrCi635kUw,"그래프를 탐색하는 방법 중 하나인 깊이 우선 탐색(DFS)에 대해 설명한다. DFS는 스택을 사용하여 그래프의 모든 노드를 방문하는 기법으로, 시작 노드에서 이웃 노드를 스택에 추가하고, 스택에서 노드를 꺼내어 방문하는 방식으로 진행된다. 이 과정에서 이미 방문한 노드는 다시 스택에 추가하지 않으며, 모든 노드를 방문할 때까지 반복한다. DFS는 비선형 데이터 구조인 그래프에서 유용하게 사용되며, 시간 복잡도는 O(V + E)로, V는 정점의 수, E는 간선의 수를 나타낸다. 공간 복잡도는 O(V)로, 스택에 저장할 수 있는 최대 정점 수에 해당한다.

- DFS는 스택을 사용하여 구현된다.
- 방문한 노드는 다시 스택에 추가하지 않는다.
- 시간 복잡도는 O(V + E), 공간 복잡도는 O(V)이다.
- DFS는 재귀적 또는 반복적으로 구현할 수 있다.
- 그래프의 모든 노드를 탐색할 수 있는 방법이다.

[tags] DFS
[lang] unknown","[""DFS"", ""Stack"", ""Graph""]",algorithm,
"[""java""]",https://www.youtube.com/watch?v=Exvy4GvTets,"주어진 영상에서는 방향 그래프에서 사이클을 탐지하는 방법을 DFS(깊이 우선 탐색) 알고리즘을 통해 설명하고 있다. 방향 그래프에서 사이클을 탐지하기 위해서는 두 가지 데이터 구조가 필요하다: 방문한 노드를 추적하는 'visited' 집합과 현재 경로를 추적하는 'path' 집합이다. DFS를 수행하면서 노드를 방문할 때마다 이 두 집합을 업데이트하고, 이미 방문한 노드를 다시 방문할 경우 그 노드가 현재 경로에 포함되어 있는지를 확인하여 사이클의 존재 여부를 판단한다.

사이클 탐지의 핵심 아이디어는 DFS를 통해 노드를 탐색하면서, 같은 경로에서 동일한 노드를 다시 만나는 경우 사이클이 존재한다고 판단하는 것이다. 이 과정에서 경로를 추적하는 것이 중요하며, 이를 통해 사이클이 발생하는 조건을 명확히 할 수 있다. 알고리즘의 시간 복잡도는 O(V + E)로, V는 정점의 수, E는 간선의 수를 나타낸다.

- DFS를 사용하여 방향 그래프의 사이클 탐지
- 방문한 노드와 현재 경로를 추적하는 두 개의 데이터 구조 필요
- 같은 경로에서 동일한 노드를 다시 만날 경우 사이클 존재
- 시간 복잡도: O(V + E)

[tags] DFS, Cycle Detection, Directed Graph
[lang] unknown","[""DFS"", ""Graph"", ""Backtracking"", ""Stack"", ""Hashset""]",algorithm,
"[""java""]",https://www.youtube.com/watch?v=KXv95UE5fAs,"깊이 우선 탐색(DFS)은 그래프 이론에서 중요한 개념으로, 스택 자료구조를 사용하여 노드를 탐색하는 알고리즘이다. DFS는 시작 노드에서부터 인접한 노드를 방문하며, 방문한 노드는 다시 방문하지 않도록 표시한다. 이 과정은 재귀적으로 진행되며, 모든 인접 노드를 탐색한 후에는 스택에서 노드를 제거(popping)하여 탐색을 계속한다. 예를 들어, A에서 시작하여 C, B, F, D, E 순으로 방문하는 방식으로 진행된다.

DFS를 구현하기 위해서는 그래프 클래스를 정의하고, 인접 리스트를 사용하여 노드 간의 연결을 저장해야 한다. 방문 여부를 추적하기 위해 불리언 배열을 사용하며, 재귀 함수를 통해 탐색을 수행한다. 이 알고리즘은 그래프의 구조에 따라 다양한 결과를 생성할 수 있으며, 사이클이 있는 그래프에서도 효과적으로 작동한다.

- DFS는 스택을 사용하여 구현된다.
- 방문한 노드는 다시 방문하지 않도록 관리한다.
- 인접 노드를 탐색할 때는 재귀적으로 진행된다.
- 그래프의 구조에 따라 탐색 결과가 달라질 수 있다.

[tags] DFS, 그래프, 재귀
[lang] java","[""DFS"", ""Graph"",""Stack""]",algorithm,
"[""java""]",https://www.youtube.com/watch?v=uT1p5Eiw9CE,"깊이 우선 탐색(DFS) 알고리즘은 그래프의 한 정점에서 시작하여 가능한 깊이까지 탐색한 후, 더 이상 진행할 수 없을 때 이전 정점으로 되돌아가 다른 경로를 탐색하는 방식으로 작동한다. 이 알고리즘은 재귀를 통해 구현되며, 인접 리스트 형태로 저장된 그래프에서 각 정점을 방문할 때마다 방문 여부를 기록하는 불리언 배열을 사용한다. DFS는 모든 정점을 방문하기 위해 필요시 여러 번 재시작할 수 있으며, 이를 위해 드라이버 메서드가 필요하다.

DFS 구현의 핵심 포인트는 다음과 같다:
- 그래프는 인접 리스트로 표현되며, 각 정점은 배열의 인덱스로 관리된다.
- 재귀 호출을 통해 각 정점을 방문하고, 방문한 정점은 불리언 배열에 기록된다.
- 모든 정점을 방문하기 위해 드라이버 메서드가 필요하며, 이 메서드는 방문하지 않은 정점을 찾아 DFS를 재시작한다.
- DFS는 방향 그래프와 비방향 그래프 모두에 적용 가능하다.

[tags] DFS, 그래프, 재귀
[lang] java","[""DFS"", ""Graph""]",algorithm,
"[""java""]",https://www.youtube.com/watch?v=Y8bOGiLkBqg,"DFS(깊이 우선 탐색)를 사용한 무방향 그래프의 사이클 탐지 방법에 대해 설명한다. 이 알고리즘은 그래프의 각 노드를 방문하면서 두 가지 조건을 체크한다: 첫째, 노드가 이미 방문되었는지, 둘째, 방문된 노드가 부모 노드인지 여부이다. 부모 노드가 아닌 방문된 노드를 다시 만날 경우 사이클이 존재한다고 판단한다. 

DFS를 시작할 때, 시작 노드를 선택하고 인접 노드를 탐색하며, 각 노드를 방문할 때마다 방문 상태를 업데이트한다. 만약 인접 노드가 이미 방문된 상태이고 부모 노드가 아니라면 사이클이 발견된 것으로 간주하고 탐색을 종료한다. 이 과정은 그래프의 모든 노드에 대해 반복된다. 

- DFS 알고리즘을 이해하고 있어야 함.
- 부모 노드 체크가 사이클 탐지의 핵심.
- BFS와 유사한 접근 방식이지만, DFS의 특성을 활용함.
- 시간 복잡도는 O(V + E)로, V는 정점 수, E는 간선 수.

[tags] DFS, Cycle Detection
[lang] unknown","[""DFS"", ""Graph""]",algorithm,
"[""java""]",https://www.youtube.com/watch?v=2DioKI5nSjA,"주어진 문제는 트리에서 가장 수익성 있는 경로를 찾는 것으로, 두 사람인 앨리스와 보가 동시에 시작하여 각각의 경로를 탐색하는 방식이다. 앨리스는 잎 노드로 가는 가장 수익성 있는 경로를 찾고, 보의 경로는 앨리스의 수익에 영향을 미친다. 이 문제를 해결하기 위해 DFS(깊이 우선 탐색)를 사용하여 앨리스의 경로를 최적화하고, 보의 경로를 추적하는 방법이 제안된다. 이 접근법은 각 노드를 한 번만 처리하므로 시간 복잡도는 O(n)이다.

주요 체크포인트:
- 앨리스는 잎 노드로 가는 경로에서 최대 수익을 추구한다.
- 보가 도착한 노드에 따라 앨리스의 수익이 달라진다.
- DFS를 통해 앨리스의 경로를 탐색하고, 보의 경로를 기록한다.
- 전체 시간 복잡도는 O(n)으로 효율적이다.
- 공간 복잡도 또한 O(n)으로 메모리 효율적이다.

[tags] DFS, Tree, Dynamic Programming
[lang] unknown","[""Tree"", ""DFS"", ""Graph""]",algorithm,
"[""java""]",https://www.youtube.com/watch?v=_Fw8KaueS8s,"주어진 문제는 두 개의 이진 행렬(grid 1과 grid 2)에서 grid 2의 섬(sub island) 개수를 세는 것입니다. 섬은 1로 표시된 셀들이 수직 또는 수평으로 연결된 그룹을 의미하며, grid 2의 섬이 grid 1의 섬에 포함되려면 grid 1의 해당 위치에 모두 1이 있어야 합니다. 문제 해결을 위해 DFS(깊이 우선 탐색) 알고리즘을 사용하여 grid 2의 각 셀을 탐색하고, 섬을 발견할 때마다 grid 1에서 해당 섬이 존재하는지 확인합니다.

이 과정에서 grid 2의 섬을 발견하면, 그 섬의 모든 셀을 0으로 변경하여 방문한 셀로 표시하고, grid 1에서 해당 섬이 존재하는지 확인하여 sub island의 개수를 증가시킵니다. 최종적으로 sub island의 개수를 반환합니다. 이 알고리즘의 시간 복잡도는 O(M * N)으로, M은 행의 수, N은 열의 수입니다.

- DFS를 사용하여 섬 탐색
- grid 2의 섬이 grid 1에 포함되는지 확인
- 방문한 셀은 0으로 변경하여 중복 계산 방지
- 최종적으로 sub island의 개수를 반환

[tags] DFS, Grid, Sub Island
[lang] unknown","[""DFS"", ""Graph""]",algorithm,
"[""java""]",https://www.youtube.com/watch?v=cFIt_psYQXs,"그래프 탐색은 그래프의 모든 노드를 방문하는 과정을 의미하며, 두 가지 주요 기법인 깊이 우선 탐색(DFS)과 너비 우선 탐색(BFS)이 있다. DFS는 스택을 사용하여 한 방향으로 깊게 탐색한 후, 더 이상 갈 수 없을 때 이전 노드로 되돌아가며 탐색을 계속한다. 반면 BFS는 큐를 사용하여 현재 레벨의 모든 노드를 방문한 후 다음 레벨로 이동하는 방식이다. 이 두 기법은 그래프의 구조에 따라 다양한 결과를 생성할 수 있으며, 노드 방문 순서는 선택에 따라 달라질 수 있다.

- DFS는 스택을 사용하여 구현하며, 노드를 깊이 있게 탐색한다.
- BFS는 큐를 사용하여 구현하며, 레벨별로 노드를 탐색한다.
- 두 기법 모두 노드를 중복 방문하지 않도록 주의해야 한다.
- 탐색 순서는 노드의 인접 리스트에 따라 달라질 수 있다.

[tags] DFS, BFS
[lang] unknown","[""DFS"", ""BFS"", ""Graph""]",algorithm,
"[""java""]",https://www.youtube.com/watch?v=ErAO-9yo_Yc,"깊이우선 탐색(DFS)은 그래프 탐색 알고리즘 중 하나로, 시작 정점에서 인접한 정점으로 이동하며 깊이 있게 탐색하는 방식이다. 이 과정에서 각 정점의 발견 시간과 완료 시간을 기록하는 타임 스탬프를 사용하여 탐색의 순서를 관리한다. DFS는 스택을 활용하여 구현되며, 탐색 중 이미 방문한 정점은 색깔로 구분하여 상태를 표시한다. 흰색은 미방문, 회색은 탐색 중, 검은색은 탐색 완료를 의미한다.

DFS의 시간 복잡도는 O(V + E)로, V는 정점의 수, E는 간선의 수를 나타낸다. 이 알고리즘은 방향 그래프에서 트리 엣지, 백 엣지, 포워드 엣지, 크로스 엣지와 같은 다양한 간선 유형을 생성할 수 있으며, 이를 통해 그래프의 구조를 분석할 수 있다. DFS와 넓이우선 탐색(BFS)의 주요 차이는 DFS가 시간 순서를 기준으로 탐색하는 반면, BFS는 거리 기준으로 탐색한다.

- DFS는 스택을 사용하여 구현된다.
- 각 정점의 상태는 색깔로 표시된다.
- 시간 복잡도는 O(V + E)이다.
- 탐색 중 발생하는 간선 유형을 이해하는 것이 중요하다.
- DFS는 방향 그래프에서 다양한 간선 유형을 생성할 수 있다.

[tags] DFS
[lang] unknown","[""DFS"", ""Graph""]",algorithm,
"[""cpp""]",https://www.youtube.com/watch?v=dUjd2BYU6zg,"우선순위 큐(우선순위 Q)는 C++에서 제공하는 자료구조로, 요소를 삽입할 때 우선순위를 부여하여 정렬된 순서로 요소를 꺼낼 수 있게 해줍니다. 기본적으로 내림차순으로 정렬되며, 이를 변경하고 싶다면 `greater` 또는 `less`와 같은 비교 함수를 사용하여 오름차순으로 정렬할 수 있습니다. 또한, 사용자 정의 비교 함수를 만들기 위해 구조체와 연산자 오버로딩을 활용할 수 있습니다. 이 경우, 문자열의 길이를 기준으로 정렬하는 예시를 통해 우선순위 큐의 동작을 설명합니다.

- 우선순위 큐는 내부적으로 힙으로 구현되어 있으며, 요소를 삽입할 때 우선순위를 고려합니다.
- 기본 정렬은 내림차순이며, `greater` 함수를 사용하면 오름차순으로 정렬할 수 있습니다.
- 사용자 정의 비교 함수를 만들기 위해 구조체와 연산자 오버로딩을 사용할 수 있습니다.
- 우선순위 큐는 다양한 알고리즘에서 유용하게 사용됩니다.

[tags] priority queue, C++, heap, operator overloading
[lang] cpp","[""Heap"", ""Queue""]",algorithm,
"[""c""]",https://www.youtube.com/watch?v=Kj6eooj_0Tw,"포인터를 사용하여 배열의 문자를 복사하는 효율적인 방법에 대해 설명합니다. 기존의 배열 표기법에서 발생하는 비효율성을 지적하며, 포인터를 활용한 디스플리스먼트 어드레싱 방식으로 성능을 개선할 수 있음을 강조합니다. 배열 표기법에서는 인덱스드 어드레싱을 사용하여 메모리 접근이 이루어지지만, 포인터를 사용하면 상대적인 위치 이동이 가능해 연산 횟수를 줄일 수 있습니다. 이 과정에서 반복문을 활용하여 널 문자를 포함한 복사 작업을 효율적으로 수행하는 방법도 제시합니다.

- 포인터를 사용하면 배열보다 메모리 접근이 효율적이다.
- 디스플리스먼트 어드레싱은 인덱스드 어드레싱보다 연산 횟수가 적다.
- 반복문을 통해 널 문자를 포함한 복사 작업을 간소화할 수 있다.
- 실습을 통해 포인터 사용에 익숙해져야 한다.
- 코드의 효율성을 높이기 위해 포인터 사용을 권장한다.

[tags] pointer, array, displacement addressing, indexed addressing, efficiency
[lang] unknown","[""Array"", ""String""]",algorithm,
"[""python""]",https://www.youtube.com/watch?v=78MHQ9s7kAc,"순열은 n개의 숫자 중에서 r개를 뽑아 나열하는 경우의 수를 의미하며, 수학적으로 nPr로 표현됩니다. 예를 들어, 3개의 숫자(1, 2, 3)에서 2개를 뽑는 경우의 수는 6가지입니다. 순열을 구현하기 위해서는 Depth-First Search(DFS)와 체크리스트를 사용하는 방법이 효과적입니다. DFS를 통해 모든 경우의 수를 탐색하고, 체크리스트를 통해 이미 사용된 숫자를 관리하여 중복을 방지합니다.

구현 시 주의할 점은 DFS의 종료 조건을 명확히 설정하고, 백트래버스 과정에서 체크리스트를 적절히 업데이트하는 것입니다. 이 알고리즘은 복잡해 보일 수 있지만, 기본 구조를 외우면 다양한 경우에 응용할 수 있습니다.

- 순열의 정의와 수학적 표현
- DFS와 체크리스트를 활용한 구현 방법
- 종료 조건 및 백트래버스 처리의 중요성
- 다양한 입력에 대한 응용 가능성

[tags] DFS, Permutation
[lang] python","[""DFS"", ""Backtracking"", ""Math""]",algorithm,
"[""python""]",https://www.youtube.com/watch?v=fI6X6IBkzcw,"깊이 우선 탐색(DFS) 알고리즘은 그래프의 정점과 간선을 탐색하여 정점 간의 연결 관계를 파악하는 방법이다. DFS는 시작 정점에서 출발하여 가능한 깊이까지 탐색한 후, 더 이상 진행할 수 없을 때 이전 정점으로 되돌아가 다른 경로를 탐색하는 방식으로 작동한다. 이 과정에서 방문한 정점은 마킹하여 중복 방문을 방지한다. DFS는 방향 그래프와 비방향 그래프 모두에 적용 가능하며, 그래프가 연결되어 있지 않은 경우에는 모든 정점을 방문하기 위해 여러 번 시작해야 할 수 있다.

DFS의 시간 복잡도는 O(n + e)로, 여기서 n은 정점의 수, e는 간선의 수를 의미한다. 방향 그래프의 경우 각 간선은 한 번만 체크되지만, 비방향 그래프에서는 각 간선이 두 번 체크된다. DFS는 그래프의 구조를 이해하고 탐색하는 데 유용한 기본 알고리즘이다.

- DFS는 깊이 우선으로 탐색하며, 정점 방문 시 마킹 필요
- 그래프가 연결되지 않은 경우 여러 번 시작해야 할 수 있음
- 시간 복잡도는 O(n + e)

[tags] DFS
[lang] unknown","[""DFS"", ""Graph""]",algorithm,
"[""python"",""java"",""c"",""cpp""]",https://www.youtube.com/watch?v=PMMc4VsIacU,"깊이 우선 탐색(DFS)은 그래프 이론에서 가장 기본적인 알고리즘 중 하나로, 그래프의 모든 정점을 방문하는 방법을 제공합니다. DFS는 시작 정점에서 새로운 정점을 발견할 때마다 계속 탐색하다가 더 이상 탐색할 정점이 없을 경우 이전 정점으로 되돌아가는 방식으로 작동합니다. 이 알고리즘은 재귀적 또는 반복적 방식으로 구현할 수 있으며, 두 방식 모두 시간 복잡도는 O(V + E)로 동일합니다. 

DFS의 주요 응용으로는 사이클 탐지, 연결 요소 찾기, 그리고 방향 비순환 그래프의 위상 정렬이 있습니다. 위상 정렬은 작업의 실행 순서를 결정하는 데 유용하며, DFS의 후위 순회를 통해 쉽게 구현할 수 있습니다. 또한, DFS를 변형하여 미로 생성과 같은 재미있는 문제를 해결할 수도 있습니다.

- DFS는 그래프의 모든 정점을 방문하는 알고리즘이다.
- 재귀적 및 반복적 구현이 가능하며, 두 방식의 시간 복잡도는 O(V + E)이다.
- DFS는 사이클 탐지, 연결 요소 찾기, 위상 정렬 등 다양한 응용이 있다.
- 후위 순회를 통해 위상 정렬을 쉽게 구현할 수 있다.
- DFS를 변형하여 미로 생성과 같은 문제를 해결할 수 있다.

[tags] DFS, 그래프 탐색, 재귀, 반복, 위상 정렬
[lang] unknown","[""DFS"", ""Graph""]",algorithm,
"[""python"",""java"",""c"",""cpp""]",https://www.youtube.com/watch?v=_iUai3uXD68,"깊이 우선 탐색(DFS)은 그래프의 탐색 알고리즘으로, 시작 정점에서 이웃 정점으로 깊이 들어가며 방문하지 않은 정점을 스택에 저장하고 방문한 정점은 표시하여 중복 방문을 방지하는 방식으로 작동한다. 이 알고리즘은 스택을 사용하여 마지막에 추가된 정점을 먼저 처리하는 LIFO(Last In First Out) 구조를 따른다. 탐색 순서는 이웃 정점을 탐색하는 순서에 따라 달라질 수 있으며, 이는 결과가 유일하지 않음을 의미한다.

DFS의 기본 흐름은 다음과 같다:
1. 스택과 방문한 정점을 저장할 집합을 초기화한다.
2. 시작 정점을 스택에 추가하고 방문한 집합에 포함시킨다.
3. 스택이 비어있지 않은 동안, 스택에서 정점을 꺼내 현재 정점으로 설정하고 이를 출력한다.
4. 현재 정점의 이웃을 확인하여 방문하지 않은 정점을 스택에 추가하고 방문한 집합에 포함시킨다.

- DFS는 그래프의 모든 정점을 정확히 한 번 방문한다.
- 이웃 정점의 탐색 순서에 따라 결과가 달라질 수 있다.
- 스택을 사용하여 깊이 우선으로 탐색한다.

[tags] DFS
[lang] unknown","[""DFS"", ""Graph"", ""Stack""]",algorithm,
"[""c""]",https://www.youtube.com/watch?v=ILGOBTmGqrU,"깊이 우선 탐색(DFS) 알고리즘은 트리나 그래프 구조를 탐색하는 방법으로, 각 분기를 최대한 깊게 탐색한 후 다른 분기로 돌아가는 방식이다. 이 알고리즘은 루트 노드에서 시작하여 각 자식 노드를 차례로 방문하며, 재귀적으로 호출하여 탐색을 진행한다. DFS는 특정 요소를 찾거나 전체 구조를 탐색하는 데 유용하다.

C# 코드 예시에서는 노드 구조체를 정의하고, DFS 탐색 메서드를 구현하여 트리를 구성하고 탐색 결과를 콘솔에 출력한다. 이 과정에서 노드가 null인지 확인하고, 유효한 노드일 경우 텍스트 데이터를 출력하며, 자식 노드로 재귀 호출을 통해 탐색을 진행한다.

- DFS는 깊이 우선 탐색 알고리즘이다.
- 트리 또는 그래프 구조에서 사용된다.
- 재귀적 호출을 통해 탐색을 수행한다.
- 노드가 null인지 확인하는 과정이 포함된다.

[tags] DFS
[lang] csharp","[""DFS"", ""Tree"", Graph"", ""Stack"", ""Queue""]",algorithm,
"[""python"",""java"",""c"",""cpp""]",https://www.youtube.com/watch?v=eF3MElILmzA,"깊이 우선 탐색(DFS)은 트리 또는 그래프에서 노드를 탐색하는 알고리즘으로, 루트에서 시작하여 가능한 한 왼쪽 가지를 따라 내려가며 탐색을 진행합니다. 만약 리프 노드에 도달하면, 탐색을 중단하지 않고 가장 가까운 조상 노드로 돌아가서 아직 탐색하지 않은 자식 노드를 찾아 계속 진행합니다. 이 과정은 재귀적으로 이루어지며, DFS는 너비 우선 탐색(BFS)과는 다른 방식으로 노드를 방문합니다.

DFS는 특정 응용 프로그램에서 유용하게 사용되지만, 일반적인 웹 또는 모바일 애플리케이션 개발에서는 자주 사용되지 않습니다. 알고리즘의 이해는 컴퓨터 과학 및 알고리즘 개발에 있어 중요하지만, 일상적인 개발에서는 필요성이 낮을 수 있습니다.

- DFS는 루트에서 시작하여 왼쪽 가지를 우선 탐색.
- 리프 노드에 도달하면 가장 가까운 조상으로 돌아가 탐색 지속.
- 재귀적 호출을 통해 탐색 진행.
- BFS와는 다른 탐색 방식과 용도.
- 알고리즘 이해는 중요하지만 일상 개발에서는 드물게 사용.

[tags] DFS, 재귀, 트리 탐색
[lang] unknown","[""DFS"", ""Tree"", ""Graph""]",algorithm,
"[""pyhton""]",https://www.youtube.com/watch?v=Urx87-NMm6c,"깊이 우선 탐색(DFS)은 그래프를 탐색하는 알고리즘으로, 수직적으로 탐색한 후 수평적으로 진행하는 방식이다. DFS는 스택을 사용하여 방문할 정점을 추적하며, 방문한 노드는 검은색으로, 스택에 있는 노드는 회색으로 표시한다. 알고리즘은 루트 노드 A에서 시작하여 인접 노드를 스택에 추가하고, 스택에서 노드를 하나씩 꺼내며 방문한다. 이 과정에서 인접 노드가 방문되지 않았다면 방문 리스트와 스택에 추가된다. DFS는 반복적 또는 재귀적으로 구현할 수 있으며, 이 강의에서는 반복적 접근 방식을 사용하였다.

DFS의 시간 복잡도는 최악의 경우 모든 노드와 간선을 탐색하므로 O(V + E)이다. 이 알고리즘은 인접 리스트로 그래프를 표현하며, 코드 구현은 너비 우선 탐색(BFS)과 유사하지만 큐 대신 스택을 사용한다.

- DFS는 스택을 사용하여 탐색한다.
- 방문한 노드는 검은색, 스택의 노드는 회색으로 표시한다.
- 시간 복잡도는 O(V + E)이다.
- 반복적 또는 재귀적 방식으로 구현 가능하다.
- 인접 리스트로 그래프를 표현한다.

[tags] DFS
[lang] python","[""DFS"",""Graph"",""Stack"",""Tree""]",algorithm,
