id,domain,category,video_url,summary
1,live_coding,REQUIREMENT_CHECK,https://www.youtube.com/watch?v=Fwsc5Hm6AIA,"면접에서 '모호한 상황을 처리한 경험'을 묻는 질문은 지원자의 비판적 사고 능력과 결단력을 평가하기 위해서입니다. 이러한 질문에 답할 때는 STAR 기법(상황, 과제, 행동, 결과)을 활용하여 구조적으로 설명하는 것이 중요합니다. 명확한 목표 설정과 질문을 통해 정보를 얻고, 자신감을 가지고 결정하는 모습을 보여주는 것이 성공적인 답변의 핵심입니다."
2,live_coding,REQUIREMENT_CHECK,https://www.youtube.com/watch?v=k1oS6NUZkMk,"면접에서의 행동 질문에 대비하기 위해서는 자신이 겪었던 경험을 솔직하게 이야기하는 것이 중요합니다. 갈등 상황이 없었다면, 비슷한 의견 충돌이나 아이디어를 설득하는 경험을 활용해 자신의 영향력과 협상력을 강조하세요. 면접관은 당신의 역량을 이해하고 싶어하므로, 실제 경험을 바탕으로 자신을 어필하는 것이 효과적입니다."
3,live_coding,REQUIREMENT_CHECK,https://www.youtube.com/watch?v=co3l_yfkPOo,"면접에서 기술적 능력뿐만 아니라 인성 및 대인관계 능력도 평가받는 것이 중요합니다. 특히, 행동 면접은 지원자의 과거 경험을 통해 미래의 성과를 예측하는 데 유용하며, 이는 조직 내에서의 상호작용과 갈등 해결 능력을 판단하는 데 큰 도움이 됩니다. 따라서 면접 준비 시, 자신의 경험을 바탕으로 사람들과의 관계를 어떻게 발전시켜왔는지를 잘 준비하는 것이 필요합니다."
4,live_coding,REQUIREMENT_CHECK,https://www.youtube.com/watch?v=CJVpg4enHPA,"면접에서 중요한 점은 팀의 목표와 우선순위를 명확히 이해하고, 기능 요청의 효과와 노력의 비율을 고려하는 것입니다. 제품 관리자와의 소통을 통해 프로세스를 공유하고, 결과에 대한 이의 제기 가능성을 제공함으로써 팀원들의 참여를 유도하는 것이 필수적입니다. 마지막으로, 명확한 에스컬레이션 경로를 마련해 둬야 불필요한 갈등을 줄일 수 있습니다."
5,live_coding,REQUIREMENT_CHECK,https://www.youtube.com/watch?v=pNDZ5Qx4uy0,"메서드 오버로딩 시, 인자는 우선 순위가 중요합니다. 가장 구체적인 인자 타입이 선택되므로, 예를 들어 `null`을 넘길 경우 자식 클래스인 `String`이 우선합니다. 만약 두 개의 메서드가 동일한 수준에서 인자를 받을 수 있다면, 모호성이 발생하여 컴파일 오류가 발생할 수 있습니다. 이럴 때는 항상 계층 구조를 고려해야 합니다. 면접에서 오버로딩 관련 질문이 나오면, 인자의 구체성과 계층 구조를 명확히 설명하는 것이 중요하며, 예시를 통해 이해도를 높이는 것이 좋습니다."
7,live_coding,REQUIREMENT_CHECK,https://www.youtube.com/watch?v=fRMn_uUh_ec,"면접에서 데이터 구조 질문에 잘 대응하기 위한 몇 가지 팁을 소개합니다. 첫째, 질문을 명확히 이해하고 코딩에 바로 들어가지 말고 입력 제약 조건과 기대 출력에 대해 설명하라. 둘째, 코딩 전에 접근 방식을 설명하고, 사용하려는 데이터 구조와 알고리즘 단계를 인터뷰어에게 공유하는 것이 중요하다. 마지막으로, 코드를 작성한 후 간단한 예제를 통해 테스트하고, 시간과 공간 복잡성을 고려하여 최적화할 기회가 있을 때 이를 요청하라."
8,live_coding,REQUIREMENT_CHECK,https://www.youtube.com/watch?v=fQW6-2yfsBY,"구글 소프트웨어 엔지니어 면접에서 성공하려면 문제를 정확히 이해하고 명확하게 소통하는 것이 중요합니다. 문제를 해결하기 전에 직접 예시를 들어 확인하고, 경계 사례를 질문하여 자신의 문제 해결 능력을 보여주세요. 처음에는 간단한 해결책부터 시작하고, 필요할 때 더 나은 솔루션으로 넘어가는 것이 좋습니다."
9,live_coding,REQUIREMENT_CHECK,https://www.youtube.com/watch?v=Ti5vfu9arXQ,"면접에서 중요한 팁은 질문의 명확성을 확보하는 것입니다. 면접관과의 커뮤니케이션을 통해 가정이나 요구사항을 명확히 하고, 문제 해결 과정을 설명하는 것이 중요합니다. 또한, 작은 구문 오류에 신경 쓰기보다는 전반적인 로직을 중시하며, 효율적인 솔루션을 제시하는 연습을 해두는 것이 좋습니다."
10,live_coding,REQUIREMENT_CHECK,https://www.youtube.com/watch?v=Q4C3ZRJLnac,"면접을 준비할 때, 문제를 반복해서 말하는 것은 매우 중요합니다. 이는 문제를 명확히 이해할 수 있게 도와주고, 오해를 방지하며, 사고를 정리하는 데 유용합니다. 또한, 명확한 질문을 통해 가정 사항을 점검하고 적절한 도구와 접근 방식을 파악하는 연습을 해야 합니다."
11,live_coding,REQUIREMENT_CHECK,https://www.youtube.com/watch?v=46dZH7LDbf8,"코딩 면접에서 성공하기 위한 몇 가지 팁은 다음과 같습니다. 첫째, 문제를 이해했는지 확인하기 위해 질문을 반복해보세요. 둘째, 코드 작성을 시작하기 전에 필요한 자료구조와 알고리즘을 명확히 계획하는 것이 중요합니다. 마지막으로, 면접관의 피드백을 적극적으로 수용하고 개선점을 반영하여 다음 면접 준비에 활용하세요."
12,live_coding,REQUIREMENT_CHECK,https://www.youtube.com/watch?v=qz9tKlF431k,"구글 코딩 면접을 준비할 때는 실제 면접과 유사한 환경을 조성하는 것이 중요합니다. 문제를 해결하는 접근 방식을 생각하며, 화면 공유를 통해 코드와 아이디어를 시각적으로 표현하는 연습을 하세요. 면접 후 피드백 세션을 통해 면접관의 시각을 이해하고 개선점을 찾아보는 것도 큰 도움이 됩니다."
13,live_coding,REQUIREMENT_CHECK,https://www.youtube.com/watch?v=Ebyesd3mPAA,"구글의 면접은 합격률이 1%도 안 되며, 따라서 준비가 매우 중요합니다. 문제를 해결하는 과정에서 자신의 사고 과정을 명확히 전달하는 것이 필수적이며, 가능한 한 많은 예외를 고려해야 합니다. 또한, 처음에는 느린 방법으로 접근하더라도 점차 더 효율적인 해결책을 모색하는 것이 중요합니다."
14,live_coding,REQUIREMENT_CHECK,https://www.youtube.com/watch?v=CqCqX9_86R8,"구글 면접에서 흔히 접하는 문제들은 교과서적인 것이 아니라, 예상치 못한 질문들이 많아 기본적인 코딩 실력의 중요성이 강조됩니다. 면접 중 긴장으로 인해 간단한 오류를 범하는 경우가 많으므로, 기본적인 조건문과 반복문에 대한 숙련도를 높여야 합니다. 또한, 복잡한 문제를 풀기 전에 쉬운 문제를 충분히 연습하는 것이 필요하며, 중급 문제는 기본적인 문제를 50개 이상 해결한 후에 도전해야 합니다."
15,live_coding,REQUIREMENT_CHECK,https://www.youtube.com/watch?v=ft0owvS5tQA,"코딩 면접에서 중요한 여섯 가지 개념 중 하나로 힙(Heap) 자료구조가 있습니다. 힙은 최소값이나 최대값을 효율적으로 찾는 데 유용하며, 문제를 N개의 값을 가지고 힙을 구축할 때 O(N) 시간 복잡도로 처리할 수 있습니다. 또한 슬라이딩 윈도우 기법을 통해 배열을 두 개의 포인터로 순회하며 문제를 해결하는 방법도 자주 등장하니, 이러한 기법들을 잘 익혀 두는 것이 중요합니다."
16,live_coding,REQUIREMENT_CHECK,https://www.youtube.com/watch?v=4tYoVx0QoN0,"면접 준비 시, 알고리즘 문제를 푸는 데 있어 기본적인 데이터 구조와 개념을 명확히 이해하는 것이 중요합니다. 특히, 문제를 해결할 때는 문제의 요구사항을 정확히 파악하고, 이를 바탕으로 접근 방법을 체계적으로 정리하는 것이 필요합니다. 또한, 실제 면접에서는 면접관과의 소통이 중요하므로, 자신의 생각을 명확히 전달하고 질문하는 연습도 게을리하지 말아야 합니다."
17,live_coding,REQUIREMENT_CHECK,https://www.youtube.com/watch?v=EuPSibuIKIg,"면접에서 기술 문제를 해결할 때는, 문제의 요구 사항을 명확히 이해하고, 예시를 통해 접근 방식을 정리하는 것이 중요하다. 실제 면접에서는 시간 압박 속에서 문제를 해결해야 하므로, 평소에 다양한 문제를 풀어보며 연습하는 것이 필요하다. 면접 후에는 자신이 어떻게 문제를 접근했는지 되짚어보고 피드백을 받는 것이 향후 개선에 큰 도움이 된다."
18,live_coding,REQUIREMENT_CHECK,https://www.youtube.com/watch?v=we7ba0slWrc,"구글 기술 면접 준비를 위해, 면접 환경을 미리 점검하고 필요한 장비(노트북, 웹캠, 전화기)를 준비하세요. 면접 시 본인의 문제 해결 능력과 코딩 숙련도를 잘 보여주는 것이 중요하며, 다양한 솔루션을 제시하고 그 장단점을 논의하는 것도 필요합니다. 지원하는 역할에 따라 기술적인 요구 사항이 다르므로, 면접관에게 구체적인 기대 사항을 물어보는 것이 좋습니다."
19,live_coding,REQUIREMENT_CHECK,https://www.youtube.com/watch?v=rMj6KnxZu5M,"면접에서 가장 흔히 저지르는 실수는 문제를 명확히 이해하지 않고 즉시 코딩에 들어가는 것입니다. 면접관과 질문을 충분히 확인하고, 문제의 유형을 이해한 후에 알고리즘을 설명하는 것이 중요합니다. 또한, 문제 해결에 어려움을 겪을 때는 조용히 있지 말고 자신의 사고 과정을 공유하여 면접관에게 도움을 요청하는 것이 필요합니다."
20,live_coding,REQUIREMENT_CHECK,https://www.youtube.com/watch?v=ajI9R-6saEk,"면접에서 좋은 인상을 남기기 위해서는 코딩 실력뿐만 아니라 비코딩 요소도 중요하다는 점을 기억해야 합니다. 문제를 명확히 이해하고 질문하는 능력, 각 단계에서 자신의 생각을 설명하는 커뮤니케이션 스킬, 코드 테스트 및 복잡도 분석 등을 통해 면접관에게 신뢰를 줄 수 있습니다. 따라서 단순히 문제 풀이에 집중하기보다는 이러한 비코딩 요소들을 충분히 활용해 면접 준비를 해야 합니다."
21,live_coding,REQUIREMENT_CHECK,https://www.youtube.com/watch?v=-QxUp8MwbWw,"코딩 면접을 준비할 때 가장 중요한 요소는 알고리즘과 데이터 구조입니다. 문제 해결 능력을 보여주기 위해서는 개념적으로 문제를 이해하고 이를 코드로 옮길 수 있어야 하며, 다양한 알고리즘과 데이터 구조에 대한 깊은 이해가 필요합니다. 반복 학습을 통해 이 핵심 개념들을 숙지하면 면접에서 유리한 고지를 점할 수 있습니다."
22,live_coding,REQUIREMENT_CHECK,https://www.youtube.com/watch?v=6l3ww3KOYes,"면접에서 중요한 질문을 미리 준비하는 것이 성공의 열쇠입니다. 첫째, 사용해야 할 프로그래밍 언어가 무엇인지 분명히 확인하고, 둘째, 언어에 내장된 함수나 라이브러리를 사용할 수 있는지 물어보세요. 마지막으로, 입력 데이터의 유형을 파악하는 것도 중요하며, 이를 통해 문제를 더 잘 이해하고 해결할 수 있습니다."
23,live_coding,REQUIREMENT_CHECK,https://www.youtube.com/watch?v=Cq7eND5KSPk,"코딩 면접에서 성공하기 위한 핵심은 문제를 암기하는 대신 문제 해결 패턴을 익히는 것입니다. 면접관은 여러분의 사고 과정을 이해하고 싶어 하므로, 답변의 정답 여부보다 여러분의 접근 방식과 소통 능력이 중요합니다. 또한, 면접 준비 시 다양한 문제를 접하고 실제 상황을 고려하는 연습이 필요합니다."
24,live_coding,REQUIREMENT_CHECK,https://www.youtube.com/watch?v=1qw5ITr3k9E,"개발자 면접에서 성공하기 위한 몇 가지 꿀팁은 다음과 같습니다. 첫째, 문제를 해결할 때 객체 지향 프로그래밍과 동적 프로그래밍을 활용하여 효율적인 코드를 작성하는 것이 중요합니다. 둘째, 면접관의 질문에 대해 깊이 있는 이해를 바탕으로 질문하고, 최적화된 솔루션을 제시하는 능력을 보여줘야 합니다. 마지막으로, 시간 관리가 중요하기 때문에 주어진 시간 내에 문제를 완수하는 연습을 게을리하지 말아야 합니다."
25,live_coding,REQUIREMENT_CHECK,https://www.youtube.com/watch?v=rw4s4M3hFfs,"구글 면접에서 중요한 점은 실제 소프트웨어 엔지니어와의 인터뷰를 통해 더 현실적인 경험을 쌓는 것입니다. 실제 코딩 인터뷰는 Google Docs와 같은 플랫폼에서 진행되며, 문제를 해결하는 능력뿐만 아니라 긴장감을 관리하는 것도 중요합니다. 따라서 면접 준비 시 다양한 질문에 대한 연습과 함께, 피드백 세션을 통해 자신의 성과를 분석하는 것이 효과적입니다."
26,live_coding,REQUIREMENT_CHECK,https://www.youtube.com/watch?v=T53EyLPj4UM,"구글 면접 준비 시, 추천인을 통해 지원하거나 LinkedIn에서 리크루터에게 직접 연락하는 것이 효과적입니다. 면접 일정이 늦어지더라도 적극적으로 소통하며 자신의 상황을 알리는 것이 중요하며, 이를 통해 긍정적인 결과를 얻을 수 있습니다. 마지막으로, 데이터 구조와 알고리즘을 꾸준히 연습하며 패턴을 학습하는 체계적인 준비 방식이 필요합니다."
27,live_coding,REQUIREMENT_CHECK,https://www.youtube.com/watch?v=L9TfZdODuFQ,"시스템 설계 면접에서 중요한 것은 문제의 범위를 정확히 정의하고, 요구사항을 명확히 하는 것입니다. 다양한 솔루션을 논의하며 장단점을 분석하는 것이 핵심이며, 45분이라는 제한된 시간 안에 체계적인 접근 방식을 통해 문제를 해결해야 합니다. 면접관과의 소통을 통해 그들의 힌트를 잘 듣고, 고차원적인 시스템 구조를 설계하는 능력을 보여주는 것이 중요합니다."
28,live_coding,REQUIREMENT_CHECK,https://www.youtube.com/watch?v=dNtks5NfUwc,"면접 질문에 대한 답변을 구조화하는 것이 중요합니다. 첫째, 질문을 잘 듣고 메모하며, 필요한 경우 명확한 질문을 통해 면접관의 기대를 확인하세요. 둘째, 답변하기 전에 잠시 생각하고 구조화된 방식으로 대답하여 일관성 있는 답변을 제공하는 것이 좋습니다."
29,live_coding,REQUIREMENT_CHECK,https://www.youtube.com/watch?v=r7Av63y4kq8,"면접에서 기술적인 질문에 대비하기 위해, 다음 네 가지 주요 영역을 준비하는 것이 중요합니다. 첫째, 엔지니어와의 협업 경험을 묻는 질문에 대해 구체적인 사례를 준비하세요. 둘째, 과거 프로젝트의 아키텍처를 설명할 수 있도록 연습하세요. 셋째, 기초적인 컴퓨터 과학 지식을 숙지하고, 넷째, 시스템 디자인 질문에 대한 사고를 미리 해보는 것이 필요합니다. 이러한 준비를 통해 기술 면접에서 자신감을 갖고 효과적으로 대화할 수 있을 것입니다."
30,live_coding,REQUIREMENT_CHECK,https://www.youtube.com/watch?v=bqCXVpRqTpE,"페이스북의 데이터 엔지니어링 면접에서는 면접관이 지원자가 성공하기를 진심으로 바란다는 점을 기억하는 것이 중요합니다. 면접 준비 과정에서의 시간과 비용이 막대하기 때문에 지원자는 긴장하지 않고 대화하듯 문제를 해결하는 접근이 필요합니다. 또한 다양한 지원자 그룹의 경향을 분석하여, 자신의 약점을 파악하고 보완하는 것이 면접 준비에 도움이 됩니다."
31,live_coding,REQUIREMENT_CHECK,https://www.youtube.com/watch?v=L9TfZdODuFQ,"시스템 디자인 면접에서는 복잡한 문제를 해결하기 위한 아키텍처 설계 능력을 평가합니다. 문제의 범위를 명확히 하고 기능 및 비기능 요구사항을 정리하는 것이 중요하며, 면접관과의 소통을 통해 진행 상황을 공유해야 합니다. 또한, 고수준의 시스템 설계를 먼저 하고, 필요한 데이터 양을 추정한 후에 세부 사항을 구체화하는 접근법이 효과적입니다."
32,live_coding,REQUIREMENT_CHECK,https://www.youtube.com/watch?v=V8DGdPkBBxg,"면접 준비 시, 자신의 편안한 프로그래밍 언어로 코드를 작성하고, 명확성과 가독성을 우선시하는 것이 중요합니다. 또한, 면접 중에는 코드 실행이 필요 없으므로 문법 오류에 대해 너무 걱정하지 않아도 됩니다. 마지막으로, 면접 후 질문할 시간을 충분히 가지며, 면접 프로세스에 대한 궁금증을 해소하는 것이 좋습니다."
33,live_coding,REQUIREMENT_CHECK,https://www.youtube.com/watch?v=Ru54dxzCyD0,"면접 준비를 위해 시스템 디자인 인터뷰의 기본 개념과 요구 사항을 이해하는 것이 중요합니다. 특히, 기능적 요구 사항(예: 사용자 티켓 예약 기능)과 비기능적 요구 사항(예: 저지연 처리)을 명확히 하고, 이를 바탕으로 프레임워크를 세워 문제를 해결하는 접근법을 취하세요. 마지막으로, 공통적인 문제 유형을 중심으로 연습하고 패턴을 식별하는 것이 효과적인 준비 방법입니다."
34,live_coding,REQUIREMENT_CHECK,https://www.youtube.com/watch?v=Vo1Lj5eYtgU,"면접에서 시스템 설계를 할 때는 사용자 요구사항을 명확하게 이해하고 기술적 요구사항으로 변환하는 것이 중요합니다. 시간을 효율적으로 관리하며 핵심 포인트에 집중해야 하며, 완벽한 시스템은 없다는 점을 인식하고 비즈니스와 기술 간의 균형을 맞추는 것이 필수적입니다. 마지막으로, 자신감을 가지고 질문을 주저하지 말고 필요한 부분을 명확히 하는 태도가 필요합니다."
35,live_coding,REQUIREMENT_CHECK,https://www.youtube.com/watch?v=i7twT3x5yv8,"면접에서 시스템 디자인 프레임워크를 활용하면 구조적으로 문제를 이해하고 설계를 제안할 수 있어 시간을 효율적으로 사용할 수 있습니다. 면접의 첫 단계에서는 문제를 명확히 하고 요구사항을 파악하는 것이 중요하며, 비기능적 요구사항과 우선순위가 높은 기능에 집중해야 합니다. 마지막으로, 고수준 설계를 제안하고 면접관과 합의하는 과정을 통해 면접에 대한 확신을 얻을 수 있습니다."
36,live_coding,REQUIREMENT_CHECK,https://www.youtube.com/watch?v=1qw5ITr3k9E,"면접에서 성공하기 위해서는 문제를 명확히 이해하고, 질문을 통해 깊이 파고드는 능력을 보여주는 것이 중요합니다. 또한, 객체 지향 프로그래밍과 동적 프로그래밍을 활용하여 문제 해결 능력을 증명해야 하며, 제한된 시간 내에 코드를 최적화하는 연습이 필요합니다. 마지막으로, 실제 면접처럼 모의 면접을 통해 경험을 쌓고, 다양한 알고리즘 문제를 다루는 것이 실력을 향상하는 데 큰 도움이 됩니다."
37,live_coding,REQUIREMENT_CHECK,https://www.youtube.com/watch?v=KB_7X3iIHQ4,"실전 면접에서 성공하려면, 문제 해결 과정에서 자신의 생각을 명확히 전달하는 것이 중요합니다. 기본 개념에 대한 이해도를 높이고, 그 위에 고급 기술을 쌓아가는 것이 필요합니다. 또한, 장기적인 해결책을 고려하며 대규모 사용자 기반을 염두에 두는 것이 좋습니다."
38,live_coding,LOGIC_DESIGN,https://www.youtube.com/watch?v=DjFAFgaFnzc,"면접에서 효과적으로 소통하기 위해서는 문제를 이해하는 데 주의를 기울이고, 해결 방법을 구조적으로 설명해야 합니다. 시간 제한이 있는 상황에서는 문제를 빠르게 분석하고 우선순위를 정해 접근하는 것이 중요합니다. 또한, 실전 경험을 통해 알고리즘과 자료 구조를 최적화하는 능력을 키우는 것이 면접 준비에 큰 도움이 됩니다."
39,live_coding,LOGIC_DESIGN,https://www.youtube.com/watch?v=CWpjMVsruv4,"주식 매매의 최적 시점을 찾는 문제는 개발자 면접에서 자주 등장하는 난제입니다. 초반에는 모든 가능한 조합을 시도하는 '브루트 포스' 접근법이 사용되지만, 이는 비효율적이므로 각 가격을 한 번만 살펴보는 더 스마트한 방법을 찾아야 합니다. 면접에서는 알고리즘의 시간 복잡성을 고려하고, 최적화된 솔루션을 제시하는 것이 중요한 포인트입니다."
41,live_coding,LOGIC_DESIGN,https://www.youtube.com/watch?v=u_zWHN2y2zM,"면접 준비를 위해, 문제 해결 접근 방식을 명확히 하고 다양한 방법을 익히는 것이 중요합니다. 브루트 포스 방법으로 시작해 최적의 BFS 방식을 통해 문제를 해결하는 과정이 유익하며, 이를 통해 시간 복잡성을 줄일 수 있습니다. 또한, 큐와 같은 데이터 구조를 활용하여 최소 단계로 목표 인덱스에 도달하는 방법을 연습하는 것이 좋습니다."
42,live_coding,LOGIC_DESIGN,https://www.youtube.com/watch?v=0iKRnzUyKa4,"면접에서 중복 요소 확인 문제를 다룰 때, 문제의 핵심을 명확히 이해하고 이전 문제와의 연관성을 파악하는 것이 중요합니다. 브루트 포스 접근 방식을 활용해 배열 전체를 순회하며 중복을 찾는 방법을 시도해 보세요. 또한, 문제 해결 전에 잠시 생각할 시간을 가지며 아이디어를 정리하는 것도 도움이 됩니다."
43,live_coding,LOGIC_DESIGN,https://www.youtube.com/watch?v=5J0vn8Wo6-w," 면접에서는 문제 해결 접근 방식을 단계별로 설명하는 것이 중요하다. 처음에는 브루트 포스 방법을 사용하고, 이후에 더 나은 최적화 방법으로 발전시키는 과정을 보여야 한다. 시간 복잡도를 명확히 분석하고, 어떤 방식으로 최적화를 할 수 있을지 고민하는 태도가 필요하다. 이를 통해 문제 해결 능력을 강조할 수 있다. 포인터 기법과 정렬 알고리즘 같은 효율적인 접근 방식을 활용하여 문제를 해결하는 방법을 제시하면, 면접관에게 깊이 있는 이해도를 어필할 수 있다."
44,live_coding,LOGIC_DESIGN,https://www.youtube.com/watch?v=AikGLtM-GhI,"배열에서 다수 요소를 찾는 문제를 해결하는 두 가지 방법을 소개합니다. 첫 번째는 해시 맵을 사용하여 각 요소의 빈도를 세고, n/2 이상인 요소를 반환하는 방법이며, 이 방법은 O(n) 시간과 O(n) 공간 복잡도를 가집니다. 두 번째는 정렬을 이용해 배열을 정렬한 후, 현재 요소와의 비교를 통해 다수 요소를 찾아내는 방법으로, 이 경우 O(n log n) 시간 복잡도를 가지며, 공간 복잡도는 O(1)입니다. 면접 시 복잡도 분석과 최적의 접근 방식을 설명하는 것이 중요합니다."
45,live_coding,LOGIC_DESIGN,https://www.youtube.com/watch?v=WXIi77uN96c,"코딩 면접에서 중요한 문제를 다루는 이 영상에서는 회의실 배정 문제를 해결하는 방법을 소개합니다. 핵심 포인트는 회의가 겹치는 경우 별도의 방이 필요하고, 연속적으로 진행되는 회의는 기존 방을 재사용할 수 있다는 것입니다. 면접을 준비할 때는 문제의 복잡도와 제약 조건을 고려하여 효율적인 알고리즘(O(N log N))을 선택하는 것이 중요합니다."
46,live_coding,LOGIC_DESIGN,https://www.youtube.com/watch?v=2loBrKWUmBg,"이 면접에서는 동적 프로그래밍 기법을 활용하여 로봇이 격자판의 좌상단에서 우하단으로 이동하는 경로의 수를 계산하는 문제를 다룹니다. 면접 준비 시, 다양한 접근 방식(재귀, 상향식 DP, 하향식 DP)을 이해하고, 시간 복잡도를 고려해 최적의 해결책을 제시하는 연습이 중요합니다. 특히, 최대 10^8번의 연산 내에 문제를 해결할 수 있는 알고리즘을 구상하는 것이 핵심입니다."
47,live_coding,LOGIC_DESIGN,https://www.youtube.com/watch?v=XWkUr9h5U6g,"면접에서 중복된 숫자가 있는지 확인하는 문제를 해결할 때, 여러 접근 방식을 고려해야 합니다. 첫 번째로, 브루트 포스 방식으로 두 개의 루프를 사용해 모든 요소를 비교하는 방법이 있지만, 이는 시간 복잡도가 O(n^2)로 비효율적입니다. 두 번째로, 배열을 정렬한 후 인접한 요소를 비교하는 방법이 있으며, 이 경우 시간 복잡도는 O(n log n)으로 개선됩니다. 마지막으로, 해시셋을 사용해 중복을 체크하는 방법도 고려할 수 있습니다."
48,live_coding,LOGIC_DESIGN,https://www.youtube.com/watch?v=3a4PUSaG_AQ,"면접에서 중요한 코딩 문제인 3-Sum 문제를 해결할 때, 두 가지 접근법을 고려할 수 있습니다: 첫 번째는 모든 가능한 조합을 확인하는 브루트 포스 방법이고, 두 번째는 최적화된 방법입니다. 이 문제를 해결할 때는 중복된 조합을 피하고, 각 조합의 합이 0이 되는지 확인하는 것이 중요합니다. 면접 준비 시, 다양한 접근법을 이해하고 연습하는 것이 실력을 키우는 데 큰 도움이 됩니다."
49,live_coding,LOGIC_DESIGN,https://www.youtube.com/watch?v=FisPMhdL2XM,"코딩 면접 준비를 위한 몇 가지 꿀팁을 소개합니다. 첫째, 문제의 목표를 명확히 이해하고, 다양한 접근 방식을 시도해보는 것이 중요합니다. 둘째, 코드 작성 전에는 드라이 런을 통해 알고리즘의 흐름을 점검하고, 각 단계에서 변수를 확인하는 연습을 해보세요."
50,live_coding,LOGIC_DESIGN,https://www.youtube.com/watch?v=Y67f698sQY0,"면접에서 알고리즘 문제를 다룰 때, 단순히 '브루트 포스(brute force)' 방법만 사용하는 대신, 최적화된 알고리즘을 고민해보는 것이 중요합니다. 최적화된 접근법은 효율성을 높이고 자원을 잘 활용하여 보다 빠르게 해결책에 도달할 수 있도록 도와줍니다. 따라서 문제 해결 과정에서 다양한 시나리오를 고려하고, 결과를 분석하여 의도적으로 접근하는 것이 성공적인 면접의 열쇠입니다."
51,live_coding,LOGIC_DESIGN,https://www.youtube.com/watch?v=aGWnHYwuuMk,"면접에서 배열의 두 숫자를 더해 특정 값을 만드는 문제를 해결할 때, 브루트포스 접근법을 사용할 수 있습니다. 이 방법은 모든 가능한 조합을 시도하여 정답을 찾는 것입니다. 또한, 같은 요소를 두 번 사용할 수 없으므로 루프를 쉽게 관리할 수 있으며, 이전에 선택한 인덱스는 다시 선택하지 않도록 주의해야 합니다."
52,live_coding,LOGIC_DESIGN,https://www.youtube.com/watch?v=5XjMa9aUy_U,"코딩 면접에서 '유효한 애너그램' 문제를 해결하는 방법에 대해 살펴보았습니다. 가장 간단한 접근 방법인 완전탐색은 비효율적이므로, 문자열의 문자를 정렬하여 비교하는 방식이 더 효과적입니다. 정렬 알고리즘은 대부분의 프로그래밍 언어에서 기본으로 제공되므로, 이를 활용하면 간편하게 문제를 해결할 수 있습니다."
53,live_coding,LOGIC_DESIGN,https://www.youtube.com/watch?v=Q4C3ZRJLnac,"코딩 면접에서 성공하기 위한 **6단계 전략**을 기억하세요. 첫 번째로, 문제를 반복해서 명확히 이해하고, 자신의 말로 설명해보는 것이 중요합니다. 이를 통해 생각할 시간을 벌고, 인터뷰어와의 소통을 원활하게 하며, 문제에 대한 새로운 관점을 얻을 수 있습니다. 둘째, 가정 사항을 확인하고 명확한 질문을 통해 필요한 도구를 파악하세요; 이는 문제 해결에 큰 도움이 됩니다."
54,live_coding,LOGIC_DESIGN,https://www.youtube.com/watch?v=DkCOduhRt5s,"면접 준비에서 중요한 것은 '브레인스토밍' 능력을 향상시키는 것입니다. 문제를 해결하기 위해 다양한 아이디어를 모색하는 과정을 연습하면 면접에서도 좋은 결과를 얻을 수 있습니다. 따라서, 기술 면접 전에 충분한 준비와 연습을 통해 자신만의 방법론을 마련해 두는 것이 추천됩니다."
56,live_coding,LOGIC_DESIGN,https://www.youtube.com/watch?v=IO5ReIDbLus,"면접 준비를 위해서는 데이터 사이언스 관련 기본 개념을 철저히 숙지하는 것이 필수적입니다. 구글링을 통해 상위 10개 질문을 확인하고, 이론적 질문에 대한 이해를 바탕으로 자신감을 가지고 답변할 수 있도록 연습하세요. 또한, 자신에 대한 소개를 미리 준비하여 면접에서 긍정적인 인상을 줄 수 있도록 하세요."
57,live_coding,LOGIC_DESIGN,https://www.youtube.com/watch?v=OIkOfRWE3M8,"실전 면접 꿀팁: HTML, CSS, JavaScript의 기초를 확실히 이해하고, 이를 활용한 프로젝트 경험이 중요하다. 개인 사이트나 포트폴리오를 만들어 실력을 보여주는 것도 좋다. 또한, 다양한 기술을 접하고 실습하면서 기초 지식을 지속적으로 다지는 것이 필요하다."
58,live_coding,LOGIC_DESIGN,https://www.youtube.com/watch?v=0K_eZGS5NsU,"파이썬은 동적 타이핑 언어로, 변수를 선언할 때 타입을 명시할 필요가 없어 코딩 인터뷰에서 유연하게 사용할 수 있습니다. 또한, 조건문과 반복문에서 괄호나 중괄호 없이 들여쓰기를 통해 구조를 명확히 할 수 있어 코드가 간결해집니다. 면접 준비를 위해 Python을 배우는 것이 좋으며, 무료 리소스를 제공하는 neatcode.io를 활용해보세요."
60,live_coding,LOGIC_DESIGN,https://www.youtube.com/watch?v=kmM23OHgLpE,"면접에서 복잡한 문제를 다룰 때, 항상 문제를 시각화하는 것이 중요합니다. 예를 들어, 회전된 정렬 배열에서 특정 요소의 존재 여부를 확인할 때는, 배열의 인덱스와 값을 그래프로 표현해 이해를 돕는 방법이 효과적입니다. 또한, 문제 해결을 위한 다양한 접근 방식을 탐색하는 것이 면접에서 좋은 인상을 남길 수 있습니다."
62,live_coding,LOGIC_DESIGN,https://www.youtube.com/watch?v=EZKgpZTK784,"개발자 면접 준비를 위해 다음과 같은 팁을 고려하세요. 첫째, 스크리너 인터뷰는 주로 기본 자격을 확인하는 단계이므로 긴장할 필요가 없습니다. 둘째, 기술 면접에서는 통계 및 머신러닝 개념에 대한 질문이 나올 수 있으므로 사전 준비가 필요합니다. 마지막으로, 문화 적합성도 중요한 평가 요소이니, 자신의 경험과 가치관을 잘 표현할 수 있도록 연습하세요."
64,live_coding,LOGIC_DESIGN,https://www.youtube.com/watch?v=RCR1MO0ObPo,"코딩 면접에서 성공하려면 문제를 해결하기 위한 최적의 알고리즘을 작성하는 것이 중요합니다. 이를 위해 올바른 데이터 구조를 선택하는 것이 필수적이며, 데이터 구조의 기본 개념을 이해하면 복잡하지 않다는 점을 기억해야 합니다. 기본 데이터 구조인 배열과 해시 테이블의 장단점을 파악하고, 문제에 따라 적절한 데이터 구조를 선택하는 연습을 통해 면접 준비를 철저히 할 수 있습니다."
65,live_coding,LOGIC_DESIGN,https://www.youtube.com/watch?v=kkQ3Jt8k2f0,"면접에서 데이터 구조와 알고리즘을 선택하는 것은 종종 어렵습니다. 문제를 처음 접할 때 가장 적절한 알고리즘을 찾기 힘들 수 있으므로, 다양한 자료구조에 대한 이해도를 높이고 실전 문제를 많이 풀어보는 것이 중요합니다. 또한, 면접 중 새로운 알고리즘에 대한 질문이 나올 수 있으니 항상 최신 기술 동향을 파악하고 준비하는 것이 필요합니다."
66,live_coding,LOGIC_DESIGN,https://www.youtube.com/watch?v=ouipSd_5ivQ,"면접에서 데이터 구조에 대한 깊은 이해는 필수적입니다. 리스트, 배열, 스택, 큐, 힙, 트리, 해시 테이블 등 다양한 데이터 구조의 특징과 활용 사례를 정리해 두면, 실전 코딩 시 효율적인 문제 해결이 가능합니다. 특히, 각 데이터 구조의 사용 목적에 맞춰 적절한 선택을 하는 것이 면접에서 긍정적인 평가를 받을 수 있는 핵심 포인트입니다."
67,live_coding,LOGIC_DESIGN,https://www.youtube.com/watch?v=O9v10jQkm5c,"기술 면접에서 데이터 구조의 중요성을 인식하고, 시간 복잡도(Big O)를 이해하는 것이 필수적입니다. Big O는 알고리즘의 효율성을 측정하는 방법으로, O(1)과 같은 상수 시간 복잡도는 가장 빠른 반면, O(N^2)와 같은 다항식 시간 복잡도는 비효율적입니다. 따라서 다양한 데이터 구조와 그 특성을 이해하고, 상황에 맞는 알고리즘 선택이 중요합니다."
68,live_coding,LOGIC_DESIGN,https://www.youtube.com/watch?v=tNrNLoCqzco,"개발자 면접 준비 시, 자신이 이미 익숙한 프로그래밍 언어를 활용하되, 파이썬을 배우는 것이 추천됩니다. 파이썬은 코드가 간결하고 이해하기 쉬워서 문제 해결에 집중할 수 있으며, 많은 면접관들이 이 언어에 익숙합니다. 또한, '즉시 학습(jet learning)' 방식을 통해 코딩 인터뷰에 가장 필요한 핵심 개념을 선택적으로 배우고, 100개의 자주 묻는 문제를 통해 점진적으로 실력을 쌓아가는 것이 효과적입니다."
69,live_coding,LOGIC_DESIGN,https://www.youtube.com/watch?v=F-ao3Q6I2Fc,"자료구조와 알고리즘(DSA)을 효율적으로 마스터하기 위해서는 먼저 선형 자료구조(배열, 연결 리스트 등)부터 시작하고, 그 다음에 비선형 자료구조(트리, 그래프 등)로 넘어가는 것이 중요합니다. 문제 해결 기법을 배우면서는 두 포인터, 슬라이딩 윈도우, 재귀와 같은 기본 패턴을 숙지해야 하며, 한 번에 여러 주제를 배우기보다는 한 주제에 집중하여 이해하는 것이 더 효과적입니다. 마지막으로, 알고리즘의 시간과 공간 복잡성을 이해하는 것이 DSA 학습에 큰 도움이 됩니다."
70,live_coding,LOGIC_DESIGN,https://www.youtube.com/watch?v=cODCpXtPHbQ,"면접에서 데이터베이스 선택은 시스템의 확장성과 성능에 큰 영향을 미칩니다. 데이터의 구조, 쿼리 패턴, 그리고 필요한 스케일을 고려해 적절한 데이터베이스를 선택하는 것이 중요합니다. 또한, 캐시 솔루션을 활용하여 성능을 최적화할 수 있으며, 레디스와 같은 검증된 캐시 솔루션을 사용하는 것이 추천됩니다."
72,live_coding,LOGIC_DESIGN,https://www.youtube.com/watch?v=E0Hmnixke2g,"머신러닝 알고리즘을 선택할 때는 문제 유형에 따라 감독 학습(supervised learning)과 비감독 학습(unsupervised learning)으로 나누고, 각 알고리즘의 기본 개념을 이해하는 것이 중요합니다. 감독 학습에서는 입력 변수와 예측할 출력 변수를 기반으로 관계를 찾는 반면, 비감독 학습은 데이터의 패턴을 스스로 발견하게 합니다. 면접 준비 시, 알고리즘의 기본 원리와 예제를 명확히 이해하고, 다양한 문제에 맞는 알고리즘을 선택할 수 있는 능력을 기르는 것이 필요합니다."
73,live_coding,LOGIC_DESIGN,https://www.youtube.com/watch?v=1t1_a1BZ04o,"면접에서 중요한 것은 문제를 단순화하고 접근하는 방법을 명확히 하는 것이다. 코드 작성을 시작하기 전에 문제를 이해하고, 조건을 정리하는 것이 중요하며, 이를 통해 긴장을 줄일 수 있다. 또한, 면접관에게 질문하며 대화를 이어가는 태도가 긍정적인 인상을 남길 수 있다."
74,live_coding,LOGIC_DESIGN,https://www.youtube.com/watch?v=ajI9R-6saEk,"면접에서 성공하기 위해서는 단순히 코딩 능력만큼이나 비코딩 요소도 중요하다는 것을 명심하세요. 문제를 명확히 이해하고, 각 단계에서 진행 상황을 설명하며, 충분한 테스트를 통해 신뢰성을 보여주는 것이 필수적입니다. 마지막으로, 비코딩 요소를 통해 면접관과의 소통을 강화하는 것이 좋은 성과를 내는 열쇠입니다."
75,live_coding,LOGIC_DESIGN,https://www.youtube.com/watch?v=DIR_rxusO8Q,"면접에서 기술 문제를 해결하는 데 도움이 되는 'ReactO 접근법'을 활용하세요. 질문을 반복하여 이해를 확실히 하고, 다양한 예제를 작성해 입력과 출력을 정리한 후, 접근 방법에 대해 설명하며 대화의 흐름을 유지하는 것이 중요합니다. 마지막으로, 코드를 구현하고 테스트한 후 최적화에 대해 이야기하면 면접관에게 긍정적인 인상을 줄 수 있습니다."
76,live_coding,LOGIC_DESIGN,https://www.youtube.com/watch?v=ft0owvS5tQA,"면접 준비 시 가장 중요한 것은 자주 출제되는 문제 패턴을 이해하는 것입니다. 다이나믹 프로그래밍은 어렵게 여겨지지만 실제 면접에서 자주 등장하지 않으므로, 더 일반적인 데이터 구조와 알고리즘에 집중하는 것이 좋습니다. 예를 들어, 힙과 슬라이딩 윈도우 알고리즘은 빈번하게 사용되며, 이들을 잘 이해하면 문제 해결 능력을 크게 향상시킬 수 있습니다."
77,live_coding,LOGIC_DESIGN,https://www.youtube.com/watch?v=L9TfZdODuFQ,"시스템 디자인 면접에서는 문제를 명확히 정의하고 범위를 좁히는 것이 중요합니다. 면접관과의 소통을 통해 요구사항을 명확히 하고, 비즈니스 목표에 맞는 비기능적 요구사항을 고려해야 합니다. 또한, 고수준의 시스템 아키텍처를 설계할 때는 기본 구성 요소를 정리하고, 이들이 어떻게 상호작용하는지를 설명하는 것이 핵심입니다."
78,live_coding,LOGIC_DESIGN,https://www.youtube.com/watch?v=mBNrRy2_hVs,"다이나믹 프로그래밍의 핵심 패턴을 이해하는 것은 복잡한 문제를 해결하는 데 큰 도움이 됩니다. 특히 피보나치 수열과 같은 기본적인 예제를 통해 중복 계산을 피하고 효율성을 높이는 방법을 배울 수 있습니다. 면접 준비 시, 이러한 패턴을 숙지하고 관련 문제를 연습하는 것이 중요합니다."
79,live_coding,LOGIC_DESIGN,https://www.youtube.com/watch?v=o-k7h2G3Gco,"시스템 디자인 면접에서 성공하기 위해서는 실전 연습이 필수입니다. 실제 앱과 서비스를 설계해보며 핵심 구성 요소와 상호작용을 시각적으로 정리하는 것이 중요합니다. 또한, 다양한 디자인 패턴의 장단점을 이해하고, 문제 해결 과정에서의 의사소통 능력을 강조하는 것이 면접에서의 성과를 결정짓는 핵심 요소입니다."
80,live_coding,LOGIC_DESIGN,https://www.youtube.com/watch?v=exgYMdo8Vdk,"면접 준비 시 긍정적인 마음가짐을 가지는 것이 중요합니다. 아마존의 면접관들은 지원자가 성공하기를 바라며, 이를 통해 높은 기준의 인재를 채용하고자 합니다. 또한, 행동 질문에 대한 STAR 기법(상황, 과제, 행동, 결과)을 활용하여 체계적으로 대답하는 연습을 하는 것이 필요합니다."
81,live_coding,LOGIC_DESIGN,https://www.youtube.com/watch?v=1qw5ITr3k9E,"면접에서 성공하기 위해서는 문제를 이해하고, 질문을 던지며, 솔루션을 최적화하는 능력을 보여줘야 합니다. 객체 지향 프로그래밍과 동적 프로그래밍을 활용하여 실제 문제를 해결하는 방법을 연습하는 것이 중요합니다. 또한, 코드 작성 시에는 실시간으로 결과를 확인할 수 있는 도구를 사용해 보며, 디자인과 알고리즘 문제를 시간 내에 해결하는 능력을 키우는 것이 좋습니다."
82,live_coding,LOGIC_DESIGN,https://www.youtube.com/watch?v=0K_eZGS5NsU,"면접에서 파이썬을 사용할 때 유용한 팁은 다음과 같습니다. 첫째, 파이썬은 동적 타이핑 언어로, 변수의 타입을 명시할 필요 없이 자유롭게 재할당할 수 있습니다. 둘째, 조건문과 반복문을 사용할 때는 괄호 대신 들여쓰기를 이용해 블록을 구분하기 때문에 코드가 간결해집니다. 마지막으로, 면접 준비를 위해 neatcode.io와 같은 자원을 활용해 다양한 문제 풀이를 연습하는 것이 좋습니다."
83,live_coding,LOGIC_DESIGN,https://www.youtube.com/watch?v=Z_c4byLrNBU,"면접 준비에 있어 배열과 문자열의 효율적 활용이 중요합니다. 배열은 인덱스 접근이 빠르지만 중간 삽입이나 삭제 시 성능이 저하되므로, 문제 해결 시 이러한 특성을 잘 이해하고 활용해야 합니다. 문자열은 불변성을 가지므로, 반복문에서 문자열을 연결할 때는 리스트를 사용해 최종적으로 합치는 방식이 더 효율적입니다."
85,live_coding,LOGIC_DESIGN,https://www.youtube.com/watch?v=CtmBGH8MkX4,"시스템 설계 면접에서의 꿀팁은 다음과 같습니다. 첫째, 세부 사항에 너무 일찍 들어가지 마세요. 면접관과의 소통을 통해 피드백을 받고, 필요한 정보에 대해서만 상세히 설명하는 것이 중요합니다. 둘째, 고정된 아키텍처를 고집하지 말고, 요구 사항에 맞춰 유연하게 설계를 조정해야 합니다. 마지막으로, 간단함을 유지하세요. 복잡한 세부 사항에 얽매이지 않고 명확하고 간결한 접근 방식을 취하는 것이 좋습니다."
86,live_coding,LOGIC_DESIGN,https://www.youtube.com/watch?v=paNwoBzpYto,"실전 면접 꿀팁: LLD(저수준 설계) 면접에서는 질문의 유형에 따라 요구사항 수집과 코딩 시간을 적절히 조절하는 것이 중요합니다. 좁은 범위의 질문은 코딩에 더 많은 시간을 할애하고, 넓은 범위의 질문은 요구사항을 깊게 탐구해야 합니다. 또한, 면접관의 기대를 파악하고 그에 맞춰 UML 다이어그램 및 코드 작성에 집중하는 커뮤니케이션 능력이 필수적입니다."
87,live_coding,LOGIC_DESIGN,https://www.youtube.com/watch?v=SgWb6tWx3S8,"면접에서 레이트 리미터를 설계할 때, 사용자 요청을 특정 시간 내에 제한해 서비스 거부 공격을 방지하는 것이 중요합니다. 고유 식별자(예: IP 주소)를 기반으로 사용자를 차단하고, 차단 시 HTTP 429 상태 코드를 통해 사용자에게 알리는 것이 필요합니다. 레이트 리미팅 알고리즘으로는 토큰 버킷 방식이나 고정 시간 창 방식이 있으며, 각각의 장단점을 이해하고 상황에 맞게 조정하는 것이 중요합니다."
88,live_coding,LOGIC_DESIGN,https://www.youtube.com/watch?v=GPIuPRqDGG8,"면접 준비 시, 문제를 단순히 푸는 것보다 다양한 해법을 학습하는 데 더 많은 시간을 투자하는 것이 중요합니다. 초기에 기초적인 문제를 해결하며 패턴을 인식하고, 면접 중에는 자신의 사고 과정을 잘 표현하여 면접관과의 소통을 유지해야 합니다. 또한, 다양한 플랫폼에서 실제 면접과 유사한 환경에서 연습하여 경험을 쌓는 것이 필수적입니다."
89,live_coding,LOGIC_DESIGN,https://www.youtube.com/watch?v=OhCp6ppX6bg,"실전 면접에서 저수준 설계(LLD) 준비는 필수입니다. LLD는 시스템 디자인과 다르게 구현 세부 사항에 집중하며, 객체 지향 프로그래밍에 대한 이해가 필요합니다. UML 다이어그램을 활용해 클래스와 객체 간의 관계를 시각적으로 표현하는 것도 중요하니, 관련 자료를 활용해 철저히 준비하세요."
90,live_coding,LOGIC_DESIGN,https://www.youtube.com/watch?v=FS_M3s2BL8M,"아키텍처 다이어그램을 그릴 때, 먼저 전달하고자 하는 메시지를 명확히 해야 합니다. 청중의 이해도를 고려하여 정보를 적절히 조절하고, 한 번의 다이어그램으로 모든 것을 설명하려 하지 말고 필요한 경우 여러 개의 다이어그램을 사용해 단계적으로 설명하세요. 이렇게 하면 더 효과적으로 이야기를 전달하고 질문에 대답할 수 있는 기반이 마련됩니다."
92,live_coding,LOGIC_DESIGN,https://www.youtube.com/watch?v=2qlcY9LkFik,"소프트웨어 개발에서 성공하기 위해서는 명확한 소통, 철저한 계획, 그리고 문서화가 필수적입니다. 애자일 방식론에 따라, 계획은 실행과 테스트와 함께 진행되어야 하며, 문서는 아이디어가 구체화되는 첫 단계입니다. 따라서 기능 요구사항과 비기능 요구사항을 명확히 정의하여 제품의 목표를 달성하는 것이 중요합니다."
93,live_coding,LOGIC_DESIGN,https://www.youtube.com/watch?v=d7Rxw6_zbIc,"면접에서 중요한 점은 문제 해결 능력을 보여주는 것입니다. 실시간 스트리밍과 관련된 문제를 해결하는 과정에서, 코드와 관련된 다양한 도구 및 기술 스택을 활용하는 것이 중요합니다. 또한, 팀 내에서의 협업과 문서화는 엔터프라이즈 환경에서의 효율성을 높이는 핵심 요소입니다."
94,live_coding,LOGIC_DESIGN,https://www.youtube.com/watch?v=8AefOzR3Ryk,"면접에서 C4 모델링 기법을 활용하여 시스템 아키텍처를 명확하게 설명하는 것이 중요합니다. 실제로 현대 웹 애플리케이션의 구조를 시각화하는 데 강력한 도구임을 강조하며, 적절한 다이어그램 사용이 면접관에게 좋은 인상을 줄 수 있습니다. 또한, 스트리밍 중 발생할 수 있는 기술적 문제를 미리 대비하여 원활한 진행을 도모하는 것이 필요합니다."
95,live_coding,LOGIC_DESIGN,https://www.youtube.com/watch?v=i7twT3x5yv8,"면접에서 효과적인 시스템 디자인을 위해 구조적인 접근이 필요합니다. 문제를 명확히 이해하고, 우선순위에 따라 기능을 정리한 후, 비기능적 요구사항도 함께 고려해야 합니다. 각 단계에 따른 시간 배분을 통해 인터뷰 중 집중력을 유지하고, 면접관과의 합의점을 찾아가는 것이 중요합니다."
97,live_coding,LOGIC_DESIGN,https://www.youtube.com/watch?v=ft0owvS5tQA,"개발자 면접에서 가장 자주 등장하는 주제 중 여섯 가지를 집중적으로 학습하는 것이 중요합니다. 특히, 동적 프로그래밍은 자주 출제되지 않으므로 시간을 더 효율적으로 투자할 수 있습니다. 또한, 힙(Heap)과 슬라이딩 윈도우(Sliding Window) 같은 데이터 구조와 알고리즘을 이해하고 활용하는 능력이 면접에서 큰 도움이 될 것입니다."
101,live_coding,LOGIC_DESIGN,https://www.youtube.com/watch?v=m8Icp_Cid5o,"시스템 디자인 과정에서는 대규모 분산 시스템을 구축하기 위한 기본 엔지니어링 디자인 패턴을 배울 수 있습니다. 면접 준비 시, 이러한 디자인 패턴을 이해하고 이를 실제 문제 해결에 적용하는 능력을 강조하는 것이 중요합니다. 특히, 퍼블리셔-구독자 모델과 같은 일반적인 솔루션을 알고 있으면 복잡한 요구사항을 효과적으로 기술적 해결책으로 전환할 수 있습니다."
104,live_coding,THINK_ALOUD,https://www.youtube.com/watch?v=QHdJscEpxaU,"프로그래밍은 복잡한 문제를 단순한 기본 요소로 나누어 해결하는 '첫 번째 원칙 사고'가 필요합니다. 면접 준비 시, 빠른 사고를 지양하고 느리게 깊이 생각하는 연습을 통해 더 나은 문제 해결 능력을 기르는 것이 중요합니다. 또한, 코딩에서 수학적 사고를 활용하는 것을 두려워하지 말고, 문제를 처음부터 끝까지 직접 풀어보는 연습을 통해 자신감을 키우세요."
105,live_coding,THINK_ALOUD,https://www.youtube.com/watch?v=iETEhotVPt4,"면접에서 코딩 문제를 해결할 때는 먼저 문제를 이해하고 알고리즘을 구상하는 것이 중요합니다. 코드 작성에 바로 들어가기보다는, 각 문자를 반복하여 처리하는 방식을 생각해보는 것이 좋습니다. 문제를 해결하는 과정에서 시행착오를 겪더라도, 이를 통해 더 나은 솔루션을 찾을 수 있다는 점을 기억하세요."
106,live_coding,THINK_ALOUD,https://www.youtube.com/watch?v=0siE31sqz0Q,"면접에서 좋은 인상을 남기기 위해서는 자신에 대한 이야기를 준비하는 것이 중요합니다. 특히 '자기소개'와 같은 기본 질문에 대한 답변을 미리 생각해 두면 면접관과의 신뢰를 쌓는 데 도움이 됩니다. 또한, 자신의 경험과 감정을 담은 이야기를 통해 지원하는 직무와 연결짓는 것이 효과적입니다."
107,live_coding,THINK_ALOUD,https://www.youtube.com/watch?v=JXYZCk0BauM,"면접에서 문제를 처음 접할 때는 문제를 잘 이해하고 접근 방식을 명확히 하는 것이 중요합니다. 그래프 문제를 다룰 때는 복잡한 알고리즘을 사용하기보다는 간단한 접근법을 통해 해결할 수 있는지 고민해보세요. 또한, 해시맵을 활용하여 도시의 경로를 기록하는 것이 효율적인 방법이 될 수 있습니다."
108,live_coding,THINK_ALOUD,https://www.youtube.com/watch?v=1m7qNm23auA,"면접에서 코딩 문제를 다룰 때, 문제를 명확히 이해하고 핵심 정보를 정리하는 것이 중요합니다. 예를 들어, 주어진 전화번호 문자열에서 공백과 대시를 제거한 후, 숫자를 적절한 블록으로 그룹화하는 방법을 고민해야 합니다. 또한, 단순한 해결책(브루트 포스)을 먼저 적용해 보고, 이후에 최적화된 접근 방식을 탐구하는 것이 효과적입니다."
109,live_coding,THINK_ALOUD,https://www.youtube.com/watch?v=HlWW4tq34i8,"면접에서 성공적인 코딩 문제 해결을 위해서는 다음과 같은 꿀팁을 기억하세요. 먼저, 문제를 이해하고 접근 방식을 세우기 전에 시간을 정해두고 시작하는 것이 도움이 됩니다. 또한, 코드 작성 시에는 서두르지 말고 각 단계를 차근차근 검토하며, 필요할 경우 이전 접근 방식을 돌아보는 것도 중요합니다."
110,live_coding,THINK_ALOUD,https://www.youtube.com/watch?v=nAX4hW4fl0w,"면접에서는 문제를 처음 접했을 때의 접근 방식이 중요합니다. BFS(너비 우선 탐색)를 활용하여 최단 경로를 찾는 것이 효과적이며, 문제를 해결하기 위해 각 상태(발견, 처리 등)를 명확히 추적해야 합니다. 또한, 경로를 찾지 못한 경우 -1을 반환해야 한다는 점을 잊지 말아야 합니다."
112,live_coding,THINK_ALOUD,https://www.youtube.com/watch?v=AclFRChBF8Y,"면접에서 효과적으로 문제를 해결하기 위해서는, 문제를 먼저 이해하고 접근하는 과정을 명확히 정리하는 것이 중요합니다. 예를 들어, N-퀸 문제와 같은 복잡한 문제에서는 가능한 모든 배치를 고려하고, 제한 조건을 잘 파악해야 합니다. 또한, 주석을 활용하여 코드의 흐름을 쉽게 이해할 수 있도록 하는 것이 좋은 습관입니다."
114,live_coding,THINK_ALOUD,https://www.youtube.com/watch?v=JLmECcpR2Yo,"면접에서 코딩 문제를 해결할 때는 문제를 처음 접했을 때의 접근 방식을 기록하는 것이 중요합니다. 최적의 솔루션을 찾지 못하더라도, 자신의 실수를 분석하고 학습하는 과정에서 많은 것을 배울 수 있습니다. 또한, 문제를 해결할 때는 작은 예제부터 시작하고, 각 턴의 점수를 계산하는 로직을 명확히 하여 쉽게 구현할 수 있도록 해야 합니다."
116,live_coding,THINK_ALOUD,https://www.youtube.com/watch?v=7A4mNAr6c68,"면접에서 잘못된 신호를 인지하는 것이 중요합니다. 질문이 점점 쉬워지거나 면접이 일찍 끝나면 관심이 낮다는 신호일 수 있으며, 후속 질문이 많으면 기대 이하의 답변을 한 걸 의미할 수 있습니다. 면접 후 1~2일 내에 연락이 없으면 긍정적인 반응이 아니라는 뜻일 수 있으니, 이를 바탕으로 다음 면접을 준비하며 개선점을 찾는 것이 좋습니다."
117,live_coding,THINK_ALOUD,https://www.youtube.com/watch?v=eza-l-kBK40,"면접에서 성공하기 위해서는 개인적인 정보나 지나치게 긴 답변을 피하는 것이 중요합니다. 특히, 면접관에게 너무 많은 개인적인 이야기를 나누면 감정적 지능이 부족하다는 인상을 줄 수 있으며, 이는 직무 수행 능력과 연결될 수 있습니다. 또한, 현재 직장을 떠나는 이유에 대해서도 솔직하게 말하되, 부정적인 인상이나 편견을 주지 않도록 주의해야 합니다."
118,live_coding,THINK_ALOUD,https://www.youtube.com/watch?v=rrdqCiXdQrg,"면접 불안 극복을 위해 다음 세 가지 팁을 기억하세요. 첫째, 불안의 원인을 정리하고 통제 가능한 부분을 파악하세요. 둘째, 면접을 '미팅'으로 생각하여 긴장을 줄이세요. 마지막으로, 면접 중에는 천천히 말하며 긴장을 완화하는 것이 중요합니다."
124,live_coding,THINK_ALOUD,https://www.youtube.com/watch?v=rfkylmWK8G8,"면접에서 문제 해결 질문에 잘 답하기 위해 STAR 기법(Situation, Task, Action, Result)을 활용하세요. 이 기법은 상황을 명확히 설명하고, 수행해야 할 작업을 정의한 후, 자신이 취한 행동과 그 결과를 체계적으로 전달하는 데 도움이 됩니다. 또한, 실제 경험을 바탕으로 구체적인 사례를 들어 답변하면 면접관에게 신뢰를 줄 수 있습니다."
125,live_coding,THINK_ALOUD,https://www.youtube.com/watch?v=USGud2cinco,"케이스 인터뷰는 실제 컨설턴트가 직면하는 문제 해결 과정을 시뮬레이션한 면접 형식으로, 문제 해결 능력, 커뮤니케이션, 분석적 사고 등을 평가하는 데 적합합니다. 면접 준비를 위해 실제 사례를 분석하고, 문제의 맥락을 이해하며, 데이터나 그래프를 활용하여 적절한 솔루션을 제시하는 연습이 중요합니다. 특히, 수익성, 시장 진입, 인수합병, 가격 책정 등의 다양한 문제 유형을 준비하면, 면접에서 차별화된 성과를 낼 수 있습니다."
130,live_coding,THINK_ALOUD,https://www.youtube.com/watch?v=dNtks5NfUwc,"면접에서 성공하기 위한 몇 가지 팁은 다음과 같습니다. 첫째, 질문을 듣고 중요한 포인트를 메모하면서 적극적으로 경청하세요. 둘째, 답변하기 전에 명확한 질문을 던져 면접관의 기대를 파악하고, 셋째, 답변하기 전에 잠시 멈추고 생각하는 시간을 가지세요. 이러한 준비 과정은 더 명확하고 구조적인 답변을 제공하는 데 도움이 됩니다."
131,live_coding,THINK_ALOUD,https://www.youtube.com/watch?v=U_fOHHBLv8k,"면접에서 협업과 문제 해결 능력을 평가받는 것은 매우 중요합니다. 특히, 다른 사람과의 협력이 요구되는 과제가 어려움을 주는 경우가 많으니, 파트너와의 소통에 집중하고 각자의 화면 상태를 이해하며 협업하는 연습이 필요합니다. 마지막으로, 21세기 직무에 필요한 비판적 사고와 의사결정 능력을 키우기 위한 다양한 프로젝트와 경험이 중요하다는 점을 잊지 마세요."
132,live_coding,THINK_ALOUD,https://www.youtube.com/watch?v=uQnCZTjOrjg,"실전 면접에서의 핵심 포인트는 갈등이 있는 제품 요구사항을 해결하는 방법입니다. 팀 간의 목표가 다를 때, 경험과 성장을 조화롭게 고려하고, 문제를 명확히 전달하여 상위 레벨에서 결정을 내리도록 하는 것이 중요합니다. 이러한 에스컬레이션 과정을 통해 최종적으로 제품의 품질을 높이고 사용자 경험을 개선할 수 있습니다."
134,live_coding,THINK_ALOUD,https://www.youtube.com/watch?v=0siE31sqz0Q,"면접에서 성공하기 위해서는 철저한 준비가 필수입니다. 가장 일반적인 질문인 '자기소개'에 대해 미리 준비하고, 자신의 이야기를 통해 면접관과의 유대감을 형성하는 것이 중요합니다. 또한, 기술적 능력뿐만 아니라 인성적인 면을 드러낼 수 있는 경험담을 공유하면 더 긍정적인 인상을 줄 수 있습니다."
135,live_coding,THINK_ALOUD,https://www.youtube.com/watch?v=NA5_WyR6xYM,"면접에서 자신감을 가지는 것이 중요합니다. 면접 전에 긍정적인 자기 대화를 통해 자신을 지지하고, 성공적인 경험을 떠올려 마음을 다스리는 것이 필요합니다. 또한, 전문가로서의 시각을 가지고, 요구사항에 부합하는 자신만의 가치를 어필하는 것이 면접 성공의 열쇠입니다."
136,live_coding,THINK_ALOUD,https://www.youtube.com/watch?v=PzGwYzVHp-0,"패널 면접에서 인상 깊은 모습을 보이기 위해서는 준비가 중요합니다. 면접관과의 첫 만남에서 각 면접관과 악수하고, 각자에게 이력서를 제공하는 것이 자신감을 높이는 데 도움이 됩니다. 또한 '자기소개', '왜 우리 회사에 지원했는지', '왜 당신을 채용해야 하는지'와 같은 질문에 대한 답변을 미리 준비하여 자신감 있게 대답하는 것이 필수적입니다."
137,live_coding,THINK_ALOUD,https://www.youtube.com/watch?v=9bYtcbTmL-0,"면접 준비에서 완벽한 답변을 외우는 것만으로는 성공할 수 없습니다. 인터뷰 과정의 구조를 이해하고 주도적으로 접근해야 하며, 지원서 작성 시 채용 담당자에게 직접 메시지를 보내는 등의 5-10%의 추가 노력이 차별화된 결과를 가져올 수 있습니다. 면접관의 바쁜 일정을 고려하여 자신이 평균 이상의 후보자임을 효과적으로 보여주는 것이 중요합니다."
138,live_coding,THINK_ALOUD,https://www.youtube.com/watch?v=ZMByWenSRdI,"면접에서 성공 확률을 높이기 위한 10가지 효과적인 발언을 준비하는 것이 중요합니다. 첫째, 면접 시작 시 감사 인사를 통해 좋은 인상을 남기고, 둘째, 회사에 대한 열정과 장기 근무 의지를 강조하세요. 셋째, 직무 설명서를 읽고 요구하는 기술과 경험이 있음을 언급하면 채용 담당자에게 긍정적인 영향을 미칠 수 있습니다."
139,live_coding,THINK_ALOUD,https://www.youtube.com/watch?v=0Is871FysC8,"최종 면접은 단순한 형식이 아니며, 철저한 준비가 필요합니다. 면접 전에 회사에 대한 깊이 있는 연구를 통해 지원 동기를 명확히 하고, 이력서 및 추천서를 준비하여 전문성을 강조하세요. 또한, 최종 면접에서도 프로페셔널한 복장과 태도를 유지하는 것이 중요합니다."
140,live_coding,THINK_ALOUD,https://www.youtube.com/watch?v=PpbhaVjV2QI,"온라인 면접 준비 시, 면접 소프트웨어를 최소 24시간 전에 다운로드하고 테스트하여 익숙해지는 것이 중요합니다. 또한, 면접 시작 10분 전에는 미리 로그인하여 마음을 가다듬는 시간을 가지세요. 면접 장소는 강력한 인터넷 연결이 가능한 조용한 곳을 선택하고, 조명이 본인 앞쪽에서 비추도록 설정하여 면접관이 잘 볼 수 있도록 해야 합니다. 면접에서는 전문적인 복장을 착용하고, 카메라를 바라보며 대화하는 연습을 통해 면접관과의 신뢰를 구축하는 것이 필요합니다."
141,live_coding,THINK_ALOUD,https://www.youtube.com/watch?v=P3l0zFqCSIc,"면접을 성공적으로 진행하기 위해서는 세 가지 주요 단계를 기억하세요. 첫째, 지원자에게 적합한 질문을 통해 그들의 능력과 인성을 파악해야 합니다. 둘째, 지원자에게 회사와 직무의 매력을 잘 전달하여 그들이 관심을 가질 수 있도록 해야 하며, 마지막으로 지원자가 궁금한 점을 물어볼 수 있는 시간을 충분히 제공하여 면접을 쌍방향으로 진행하세요."
143,live_coding,THINK_ALOUD,https://www.youtube.com/watch?v=u8vDZZa-88Y,"구글 GCA 면접은 지원자의 미래 잠재력을 평가하는 데 중점을 둡니다. 면접에서는 복잡한 문제를 단순화하고, 가정할 수 있는 능력, 그리고 정보를 종합하여 합리적인 해결책을 제시하는 것이 중요합니다. 따라서, 면접 준비 시에는 창의적이고 큰 사고를 통해 문제를 해결할 수 있는 능력을 강조하는 것이 좋습니다."
144,live_coding,THINK_ALOUD,https://www.youtube.com/watch?v=fYHR0KgnGHU,"면접에서 성공하기 위해서는 질문에 대해 깊이 들어가기 전에 명확히 파악하는 것이 중요합니다. 질문이 모호할 경우, 자신의 경험을 간단히 요약하고 나서 면접관에게 구체적으로 어떤 정보를 원하는지 물어보세요. 이렇게 하면 면접관이 기대하는 답변을 제공할 수 있으며, 대화의 흐름을 자연스럽게 이끌어갈 수 있습니다."
145,live_coding,THINK_ALOUD,https://www.youtube.com/watch?v=0siE31sqz0Q,"면접에서 성공하기 위한 핵심은 사전 준비와 인맥 형성이다. 흔히 나오는 질문들, 예를 들어 ""자기소개를 해 주세요""와 같은 질문에 대한 답변을 미리 준비하는 것이 중요하다. 개인적인 이야기를 통해 면접관과의 관계를 구축하면 더 좋은 인상을 남길 수 있다."
146,live_coding,THINK_ALOUD,https://www.youtube.com/watch?v=ZU9x1vFx5lI,"면접 준비의 첫 번째 팁은 철저한 사전 조사입니다. 지원하는 회사와 직무에 대한 정보를 충분히 수집하고, 면접관과의 개인적 연관성을 찾아보는 것이 중요합니다. 다음으로, 자신의 강점을 이야기할 수 있는 compelling story를 준비하여, 면접에서 자연스럽게 자신의 경험과 가치를 전달하세요."
147,live_coding,THINK_ALOUD,https://www.youtube.com/watch?v=R_dxlajqA4s,"면접에서 자신을 소개할 때는 단순히 이력서를 반복하기보다는, 자신의 이야기를 통해 지원자로서의 정체성을 잘 드러내는 것이 중요합니다. 또한, 약점을 이야기할 때는 진솔하면서도 직무에 해가 되지 않는 내용을 선택하고, 이를 어떻게 극복하는지를 설명하는 3단계 접근 방식을 따르는 것이 좋습니다. 마지막으로, 구체적인 성취 사례를 제시하여 자신의 성장 과정을 보여주는 것이 면접관에게 긍정적인 인상을 줄 수 있습니다."
148,live_coding,THINK_ALOUD,https://www.youtube.com/watch?v=-JNjsOX0N0c,"면접에서 성공하기 위해서는 작은 대화로 분위기를 부드럽게 만들고, 면접관의 질문에 간결하게 대답하는 것이 중요합니다. 특히 '자기소개' 질문에서는 학력과 경력에 집중해 자신의 경험을 효과적으로 전달하는 연습을 해야 합니다. 면접 준비 시에는 자신의 대답을 녹화해보고, 개선할 부분을 찾아 반복 연습하는 것이 큰 도움이 됩니다."
149,live_coding,THINK_ALOUD,https://www.youtube.com/watch?v=P1fnGEgu-_Y,"면접 준비에서 가장 중요한 것은 실제 상황을 가정한 모의 면접을 통해 연습하는 것입니다. 다양한 질문 유형에 익숙해지고, 피드백을 통해 자신의 약점을 파악하는 것이 필수적입니다. 또한, 온라인 자원과 프로그램을 활용하여 지속적으로 준비하고, 필요한 경우 전문가의 도움을 받는 것을 추천합니다."
150,live_coding,THINK_ALOUD,https://www.youtube.com/watch?v=MUj-UaHrHS8,"면접 준비 시, 자신의 전공 분야를 잘 이해하고 관련된 흥미로운 주제를 자연스럽게 이야기하는 것이 중요합니다. 또한, 일상적인 루틴을 유지하며 자신에게 맞는 방법으로 하루를 시작하는 것이 면접에서 좋은 인상을 줄 수 있습니다. 마지막으로, 자신이 추천하고 싶은 장소나 활동에 대해 구체적이고 생생하게 설명하면 면접관의 관심을 끌기 좋습니다."
151,live_coding,THINK_ALOUD,https://www.youtube.com/watch?v=1t1_a1BZ04o,"면접에서 긴장감을 줄이고 문제를 효과적으로 해결하는 방법은 다음과 같습니다. 먼저, 복잡한 문제를 단순화하여 조건을 명확히 하고, 필요시 흐름도를 사용하거나 의사 코드로 접근하세요. 마지막으로, 코드를 작성하기 전 문제를 충분히 이해하고 질문을 통해 면접관과 소통하는 것이 중요합니다."
152,live_coding,THINK_ALOUD,https://www.youtube.com/watch?v=tgSe27eoBG0,"면접에서 성공하기 위한 핵심 팁은 실전 경험을 바탕으로 준비하는 것입니다. 시스템 디자인 인터뷰는 사용자 중심의 제품 설계와 인프라 설계 질문으로 나뉘며, 중급 개발자는 주로 제품 설계 질문을 받을 가능성이 높습니다. 따라서 자주 출제되는 주제에 대해 미리 연구하고 준비하는 것이 중요합니다."
153,live_coding,THINK_ALOUD,https://www.youtube.com/watch?v=tZY_y4XUj1A,"면접에서 자신감을 가지고 소통하는 것이 중요합니다. 긴장감을 극복하기 위해 면접관에게 감사를 표하며 시작하는 것이 좋습니다. 또한, 자신의 경험과 강점을 명확하게 전달하고, 상대방의 관심을 끌 수 있는 흥미로운 이야기나 활동을 준비하는 것이 도움이 됩니다."
155,live_coding,CRISIS_MGMT,https://www.youtube.com/watch?v=WLBcmyNaeKc,"코딩 면접에서 막힐 경우, 자신의 사고 과정을 면접관에게 소리 내어 반복하는 것이 큰 도움이 됩니다. 문제의 요구사항, 엣지 케이스, 고려했던 접근 방법 등을 자세히 설명하면 새로운 통찰을 얻을 수 있습니다. 준비가 되어 있더라도 막힐 수 있으니, 자신감을 잃지 말고 적극적으로 대화하세요."
156,live_coding,CRISIS_MGMT,https://www.youtube.com/watch?v=b6sgd9kUIos,"면접에서의 긴장감으로 인한 '브레인 프리즈'를 극복하는 것이 중요합니다. 과도한 스트레스는 인지능력을 저하시켜 면접 성과에 부정적인 영향을 미치므로, 이를 관리하는 방법을 익혀야 합니다. 심호흡이나 간단한 준비 운동 등으로 긴장을 완화하는 연습을 통해 좋은 성과를 낼 수 있는 환경을 조성하세요."
157,live_coding,CRISIS_MGMT,https://www.youtube.com/watch?v=QSVrjXLyOVI,"면접 준비 시, 급박한 질문에 휘둘리지 않고 잠시 멈춰서 깊게 생각한 후 대답하는 것이 중요합니다. 또한, 면접관과의 대화에서 자신의 의견을 존중받기 위해 적절한 반론을 준비하는 것도 필요합니다. 마지막으로, 충분한 수면과 에너지 관리를 통해 면접 당일 최상의 컨디션을 유지하는 것이 성공적인 면접에 큰 도움이 됩니다."
158,live_coding,CRISIS_MGMT,https://www.youtube.com/watch?v=8wysIxzqgPI,"면접 준비를 위해서는 기초적인 데이터 구조와 알고리즘을 충분히 이해하고, 문제를 푸는 순서를 신중하게 정하는 것이 중요합니다. 매일 한두 개의 문제를 꾸준히 푸는 것이 단기 집중보다 더 효과적이며, 자신이 해결할 수 있는 시간을 정해놓고 연습하는 것이 필요합니다. 또한, 문제를 해결하는 과정에서 언어 선택이 중요하며, Python과 같은 간결한 언어가 유리할 수 있습니다."
159,live_coding,CRISIS_MGMT,https://www.youtube.com/watch?v=nac0ekXBqcg,"면접은 긴장감을 유발할 수 있는 경험입니다. 첫 번째 팁은 각 질문에 대해 마치 그 질문이 유일한 질문인 것처럼 철저하게 대답하는 것입니다. 이렇게 하면 긴장을 줄이고 답변의 구체성을 높일 수 있습니다. 또한, 불필요한 세부사항에 빠지지 않도록 주의하면서 핵심 정보를 전달하는 것이 중요합니다."
161,live_coding,CRISIS_MGMT,https://www.youtube.com/watch?v=0w6cK9Wjx90,"면접에서 ""어려운 상황을 어떻게 처리했나요?""라는 질문은 매우 자주 나옵니다. 이 질문에 답할 때는 STAR 기법(상황, 임무, 행동, 결과)을 활용하여 구체적인 사례를 통해 문제 해결 능력을 보여주는 것이 중요합니다. 또한, 긍정적인 결과를 강조하여 면접관에게 자신이 신뢰할 수 있는 직원임을 어필하는 것이 좋습니다."
162,live_coding,CRISIS_MGMT,https://www.youtube.com/watch?v=ngaNPNytv0E,"팀원 중 성과가 저조한 구성원을 다루는 것은 관리자가 직면하는 큰 도전 중 하나입니다. 문제를 무시하지 않고 조기에 대화하여 성과 저조의 원인을 파악하는 것이 중요하며, 구체적인 사례를 통해 피드백을 제공해야 합니다. 이러한 대화를 통해 문제를 이해하고, 직원이 발전할 수 있도록 지원하는 것이 팀 전체에 긍정적인 영향을 미칠 것입니다."
163,live_coding,CRISIS_MGMT,https://www.youtube.com/watch?v=HM7nbwSNZpc,"면접에서 성공을 위한 강력한 팁은 면접이 끝날 무렵 ""저에게 이 일 주세요""라는 다섯 마디를 직접 요청하는 것입니다. 대부분의 지원자들이 이 요청을 하지 않지만, 면접관들은 지원자가 그 직무를 간절히 원한다는 신호로 받아들여 긍정적인 반응을 보일 수 있습니다. 단, 이 요청은 면접관과의 rapport(상호 신뢰 관계)를 형성한 후에 해야 하며, 자신의 가치를 충분히 보여줘야 효과적입니다."
164,live_coding,CRISIS_MGMT,https://www.youtube.com/watch?v=qMiepo_sM3Y,"내부 면접을 준비하면서 다음의 세 가지 팁을 기억하세요. 첫째, 면접 전에 팀과의 사전 대화를 통해 관계를 구축하고 정보를 얻는 것이 중요합니다. 둘째, 내부 지원자라고 해서 준비를 소홀히 하지 말고, 외부 면접처럼 철저히 준비하세요. 셋째, 자신의 경험을 구체적으로 설명해 다른 지원자들에게 자신을 효과적으로 어필해야 합니다."
165,live_coding,CRISIS_MGMT,https://www.youtube.com/watch?v=JkHOvJa4_hc,"면접에서 STAR 기법을 활용하는 것은 매우 중요한 전략입니다. STAR는 상황(Situation), 업무(Task), 행동(Action), 결과(Result)를 포함한 답변 방식으로, 면접관이 원하는 구체적인 사례를 제시하는 데 유용합니다. 면접 시에는 가상의 상황이 아닌 실제 경험을 바탕으로 답변해야 하며, 이를 통해 더 기억에 남는 대답을 만들어낼 수 있습니다."
167,live_coding,CRISIS_MGMT,https://www.youtube.com/watch?v=PzGwYzVHp-0,"패널 면접에서 인상 깊은 모습을 보이려면, 먼저 면접관들과의 신체 접촉을 통해 자신감을 보여주는 것이 중요합니다. 자기소개나 ""왜 우리 회사에서 일하고 싶은가?""와 같은 질문에 대한 답변을 명확하고 자신감 있게 준비하세요. 마지막으로, 면접관의 이름을 미리 알아두고, 질문이 있을 때는 항상 적극적으로 대답하는 태도를 유지하는 것이 좋습니다."
168,live_coding,CRISIS_MGMT,https://www.youtube.com/watch?v=fKDnamEANs8,"면접 후 연락하는 방법에 대한 팁을 강조합니다. 면접 후 5일이 지나도 소식이 없다면, 정중하고 문법적으로 정확한 이메일을 보내는 것이 중요합니다. 이메일 제목은 ""면접에 대한 감사""로 시작하고, 면접 날짜와 함께 감사의 뜻을 전하며, 추가 정보 제공을 제안하는 내용을 포함해야 합니다."
171,live_coding,CRISIS_MGMT,https://www.youtube.com/watch?v=JJkWemM03Lg,"면접에서 알고리즘과 데이터 구조의 중요성을 강조하세요. 기업들은 이 두 가지를 통해 문제 해결 능력을 평가하므로, 이에 대한 깊은 이해가 필요합니다. 또한, 알고리즘을 배우는 과정에서 흥미를 느끼는 것이 학습의 가장 큰 동기부여가 될 수 있습니다."
173,live_coding,CRISIS_MGMT,https://www.youtube.com/watch?v=1t1_a1BZ04o,"개발자 면접에서 중요한 점은 문제를 단순화하고 명확하게 접근하는 것입니다. 복잡한 코드 작성에 대한 두려움을 버리고, 먼저 문제를 이해하고 조건을 정리한 후에 이를 기반으로 코드를 작성하는 것이 효과적입니다. 또한, 면접관에게 질문을 하며 소통하는 것이 자신감을 높이고 긍정적인 인상을 줄 수 있습니다."
174,live_coding,CRISIS_MGMT,https://www.youtube.com/watch?v=ajI9R-6saEk,"면접에서 성공하기 위해서는 코딩 스킬뿐만 아니라 소통 능력도 중요하다는 점을 명심해야 합니다. 문제를 명확히 이해하고, 각 단계에서 자신의 생각을 잘 설명하며, 테스트와 복잡도 분석을 통해 면접관에게 신뢰를 줄 필요가 있습니다. 기본적인 자료구조와 알고리즘 이해는 필수이며, 비코딩 요소를 잘 활용하면 면접에서 더 좋은 성과를 낼 수 있습니다."
175,live_coding,CRISIS_MGMT,https://www.youtube.com/watch?v=Q4C3ZRJLnac,"코딩 면접에서 성공하기 위한 중요한 팁은 다음과 같습니다. 첫째, 문제를 반복해서 명확히 이해하고, 이를 통해 생각할 시간을 벌어야 합니다. 둘째, 가정이나 의문점을 명확히 하여 면접관과의 소통을 원활히 하고, 문제 해결에 필요한 도구를 파악하는 것이 중요합니다. 이러한 과정을 통해 문제를 다르게 바라보고 해결책을 찾는 데 도움이 됩니다."
176,live_coding,CRISIS_MGMT,https://www.youtube.com/watch?v=roanIWKtGMY,"면접에서 복잡한 문제에 직면했을 때는 너무 오랜 시간 고민하기보다는 솔루션을 참고하는 것도 괜찮다는 점을 기억하세요. 문제를 해결하는 방법을 이해하는 것뿐만 아니라, 그 해결책의 동기를 파악하는 것이 중요합니다. 결국, 알고리즘을 아는 것도 필요하지만, 그 이상으로 왜 그런 접근을 해야 하는지를 고민하는 것이 실력을 향상시키는 데 도움이 됩니다."
177,live_coding,CRISIS_MGMT,https://www.youtube.com/watch?v=r4TgqWbKRtA,"프로그래밍 면접에서 가장 중요한 것은 문제 해결 능력입니다. 복잡한 문제를 작은 단위로 나누어 접근하고, 효과적으로 해결책을 제시하는 것이 면접관에게 큰 인상을 줄 수 있습니다. 또한, Algo Expert와 같은 플랫폼을 활용해 다양한 문제를 연습하고, 인터페이스를 통해 코드를 작성하고 테스트하는 것이 실력을 향상시키는 데 도움이 됩니다."
178,live_coding,CRISIS_MGMT,https://www.youtube.com/watch?v=GPIuPRqDGG8,"코딩 인터뷰 준비를 위해서는 문제를 푸는 것보다 먼저 해답을 학습하여 주제에 대한 직관을 기르는 것이 중요합니다. 인터뷰에서는 자신의 생각 과정을 공유하고 면접관과 소통하며 문제를 해결하는 것처럼 행동하는 것이 필요합니다. 또한, 기초적인 문제를 충분히 연습한 후, 실제 인터뷰와 유사한 환경에서 문제를 풀어보는 것이 효과적입니다."
179,live_coding,CRISIS_MGMT,https://www.youtube.com/watch?v=OTNe0eV8418,"면접에서 성공하기 위해서는 리드코드 문제를 단순히 많이 푸는 것보다 체계적인 접근 방식이 중요합니다. 문제를 단순화하고 입력과 출력을 명확히 이해한 후, 엣지 케이스에 대한 질문을 통해 문제를 깊이 파악하세요. 마지막으로, 알고리즘과 자료구조에 대한 이해를 바탕으로 패턴을 인식하고, 가장 간단한 솔루션부터 설명하는 연습을 통해 더 나은 해결책을 찾는 것이 핵심입니다."
180,live_coding,CRISIS_MGMT,https://www.youtube.com/watch?v=urrv-iq42WM,"코딩 면접에서 성공하려면 알고리즘 지식보다 문제 해결 과정과 의사소통 능력을 강조해야 합니다. 지원자는 명확한 질문을 통해 문제를 분석하고, 자신의 생각을 잘 설명하며, 코드 구조를 깔끔하게 유지하는 것이 중요합니다. 면접은 단순한 코딩 테스트가 아닌, 협업적 문제 해결 과정으로 접근해야 하며, 심리적 압박을 관리하는 것도 큰 도움이 됩니다."
182,live_coding,CRISIS_MGMT,https://www.youtube.com/watch?v=Xr6v0lI517A,"면접 준비 시, 문제를 푸는 과정에서의 고난이 진정한 학습이 이루어지는 지점임을 명심하세요. 45분 간의 집중적인 노력을 통해 스스로 고민하고 다양한 접근 방식을 시도한 후, 필요할 경우 힌트를 참고하되, 솔루션 전체를 보지 않도록 하세요. 문제를 해결한 후에는 반드시 반성의 시간을 가져, 어떤 개념이 문제를 어렵게 했는지, 유사한 문제를 미래에 어떻게 인식할지를 고민하는 것이 중요합니다."
183,live_coding,CRISIS_MGMT,https://www.youtube.com/watch?v=DIR_rxusO8Q,"면접에서 기술적인 질문을 잘 풀어내기 위한 핵심은 'ReactO 접근법'을 활용하는 것입니다. 첫 번째 단계로 질문을 반복하여 확실히 이해하고, 두 번째로 다양한 예시를 들어 문제의 입력과 출력을 명확히 하는 것이 중요합니다. 마지막으로, 자신의 접근 방식을 설명하면서 면접관에게 논리적 사고를 보여주는 것이 면접 성공의 열쇠입니다."
185,live_coding,CODE_VERIFICATION,https://www.youtube.com/watch?v=BgLTDT03QtU,"코딩 면접을 준비할 때, 알고리즘의 시간 복잡도인 빅오 표기법을 이해하는 것이 중요합니다. 특히, O(1) 시간 복잡도는 입력 크기에 관계없이 항상 일정한 시간 내에 작업을 수행할 수 있어 가장 효율적입니다. 반면, O(n) 시간 복잡도는 입력 크기에 따라 실행 시간이 비례적으로 증가하므로, 알고리즘의 성능을 고려할 때 이 두 가지를 명확히 구분하는 것이 필요합니다."
186,live_coding,CODE_VERIFICATION,https://www.youtube.com/watch?v=rv_ZacJYRFA,"빅 오 표기는 면접에서 중요한 개념으로, 알고리즘의 효율성을 평가하는 데 필수적입니다. 입력 크기가 커질수록 알고리즘의 실행 시간도 증가하므로, 시간 복잡도를 이해하고 이를 기반으로 문제를 해결하는 것이 중요합니다. 또한, AI 도구인 Warp를 활용하면 코드 디버깅과 최적화를 도와줄 수 있어 면접 준비에 큰 도움이 될 수 있습니다."
188,live_coding,CODE_VERIFICATION,https://www.youtube.com/watch?v=CB8JPjg_3cM,"면접에서 성공하기 위한 핵심은 코드를 작성하는 것뿐 아니라, 코드의 효율성을 평가할 수 있는 능력입니다. 특히, 시간 복잡성을 정확히 이해하고 설명하는 것이 중요하며, 이는 면접에서 떨어지는 원인이 될 수 있습니다. 따라서 다양한 코드를 반복해서 분석하고, 알고리즘의 성능을 평가하는 연습을 통해 자신감을 키우는 것이 필요합니다."
189,live_coding,CODE_VERIFICATION,https://www.youtube.com/watch?v=oJ5s2hs_cKk,"프로그래밍 면접을 준비할 때는 알고리즘의 기본 개념과 효율성을 이해하는 것이 필수입니다. 특히, 빅오(Big O) 개념을 정확히 이해하고 문제 해결 과정에서 이론을 설명하는 능력을 길러야 합니다. 단순히 암기하는 것이 아니라, 문제를 해결하며 시간과 공간 복잡도를 분석하는 연습을 통해 면접에서 높은 점수를 받을 수 있습니다."
192,live_coding,CODE_VERIFICATION,https://www.youtube.com/watch?v=ft0owvS5tQA,"코딩 면접에서 자주 등장하는 개념들을 이해하는 것이 중요합니다. 특히, 동적 프로그래밍은 실제 면접에서는 흔히 나오지 않으니, 다른 더 보편적인 자료구조와 알고리즘에 집중하는 것이 좋습니다. 예를 들어, 힙(Heap)과 슬라이딩 윈도우(Sliding Window) 기법은 면접에서 자주 사용되므로, 이들에 대한 깊은 이해를 가지는 것이 필수적입니다."
193,live_coding,CODE_VERIFICATION,https://www.youtube.com/watch?v=CQ12FXH-tfg,"알고리즘적 사고에서 문제를 해결하는 최적의 방법을 단계별로 찾는 것이 중요합니다. 이를 위해 '빅 오 표기법'을 사용해 알고리즘의 실행 시간을 분석하고, 입력 크기에 따른 성능 변화를 이해해야 합니다. 면접에서는 알고리즘의 복잡도를 계산할 때 상수를 무시하고, 입력 크기(n)에 따라 시간 복잡도를 표현하는 것이 핵심입니다."
194,live_coding,CODE_VERIFICATION,https://www.youtube.com/watch?v=ai60wnHCap0,"면접에서 알고리즘 문제를 다룰 때, 기본 사례와 재귀 호출을 잘 이해하는 것이 중요합니다. 균형 이진 탐색 트리의 경우, 노드를 모두 방문해야 하므로 시간 복잡도는 O(n)이며, 단순히 log(n)으로 생각하면 안 됩니다. 면접 중에는 알고리즘의 작동 방식을 면밀히 분석하고, 긴장을 풀고 문제를 차근차근 해결하는 태도가 필요합니다."
195,live_coding,CODE_VERIFICATION,https://www.youtube.com/watch?v=ayQ9PNgLXyo,"면접에서 빅 오 표기법(Big O Notation)을 다룰 때, 입력 값의 크기에 따른 시간 복잡성을 반드시 이해해야 합니다. 중첩 루프가 있는 경우, 각 루프의 입력 배열 크기를 고려하여 n과 m으로 표현하는 것이 중요하며, 단순한 연산은 무시할 수 있습니다. 또한, 알고리즘의 성능을 제대로 평가하기 위해서는 두 배열의 크기가 독립적일 수 있음을 기억해야 합니다."
199,live_coding,CODE_VERIFICATION,https://www.youtube.com/watch?v=USGud2cinco,"실전 면접 꿀팁으로, 케이스 면접은 문제 해결 능력을 평가하는 중요한 과정으로, 컨설팅뿐 아니라 기술 스타트업에서도 널리 활용됩니다. 다양한 문제를 다루게 되며, 수익성, 시장 진입, 인수합병, 가격 책정 등 여러 카테고리로 나뉘어 진행됩니다. 면접 준비 시, 실제 사례를 바탕으로 분석하고 추천을 제시하는 연습이 필요합니다."
200,live_coding,CODE_VERIFICATION,https://www.youtube.com/watch?v=fQW6-2yfsBY,"구글 소프트웨어 엔지니어 면접은 1%의 후보자만 통과할 정도로 매우 어렵습니다. 면접 준비 시 문제를 명확히 하고, 간단한 해결책부터 접근하는 것이 중요합니다. 복잡한 알고리즘에 집착하기보다는 기본적인 개념을 확실히 하고, 면접 중에는 자신의 생각을 잘 전달하는 것이 핵심입니다."
201,live_coding,CODE_VERIFICATION,https://www.youtube.com/watch?v=TD4fUVzDCgA,"면접 준비 시, 주어진 문제를 명확히 이해하고 상황을 정리하는 것이 중요합니다. 또한, 시장 규모, 재무적 영향, 위험 요소 등 세 가지 핵심 요소를 분석하여 결정을 내리는 접근 방식을 보여줄 필요가 있습니다. 마지막으로, 경쟁사 분석과 고객의 수요를 고려하여 가격 전략을 세우는 것이 효과적인 제품 출시를 위한 중요한 단계입니다."
202,live_coding,CODE_VERIFICATION,https://www.youtube.com/watch?v=1t1_a1BZ04o,"면접에서 성공하기 위한 핵심 팁은, 문제를 단순하게 나누고 접근하는 방식입니다. 먼저, 문제를 이해하고 조건을 정리한 뒤, 복잡한 문법에 신경 쓰지 말고 의사코드를 작성해보세요. 긴장감을 줄이는 가장 좋은 방법은 질문을 하고 대화를 나누는 것이니, 면접관과 적극적으로 소통하는 것이 중요합니다."
203,live_coding,CODE_VERIFICATION,https://www.youtube.com/watch?v=fuys5fWCxJM,"면접에서 성공하기 위해서는 기업의 비즈니스 모델과 시장 반응 속도를 이해하는 것이 중요합니다. 특히, 고객 피드백을 바탕으로 신속히 생산과 재고를 조정하는 능력은 큰 강점으로 작용할 수 있습니다. 또한, 인수합병 전략을 고민할 때는 해당 기업의 성장 가능성과 지속 가능한 수익 창출 능력을 면밀히 분석해야 합니다."
205,live_coding,CODE_VERIFICATION,https://www.youtube.com/watch?v=akdsoi71R6U,"실전 면접에서 성공하기 위해서는 케이스 인터뷰의 구조를 이해하는 것이 중요합니다. 문제 해결 과정에서 명확한 질문을 하고, 체계적으로 사고하며, 마지막에는 논리적 근거를 바탕으로 추천안을 제시해야 합니다. 또한, 노트 작성 시 정보를 효과적으로 정리하는 방법을 활용해 면접관과의 소통을 원활하게 하는 것도 필수적입니다."
208,live_coding,CODE_VERIFICATION,https://www.youtube.com/watch?v=OUyjQOj83Uw,"실전 면접에서 성공적으로 답변하기 위해서는 문제를 명확히 이해하고 정의하는 것이 중요합니다. 또한, 사용자의 세분화와 그들의 문제점을 파악한 후, 우선순위를 정해 해결책을 제시해야 합니다. 마지막으로 다양한 아이디어를 브레인스토밍하며 창의적인 접근법을 탐색하는 것이 좋은 결과로 이어질 수 있습니다."
209,live_coding,CODE_VERIFICATION,https://www.youtube.com/watch?v=PzGwYzVHp-0,"패널 인터뷰에서 인상 깊게 보이기 위해서는 면접관들과의 첫 인사에서 자신감을 보여주는 것이 중요하며, 각 면접관에게 이력서를 제공하는 것이 좋습니다. 자기소개, 회사에 대한 관심, 그리고 자신이 왜 채용되어야 하는지에 대한 질문에 대해 명확하고 자신감 있게 준비하는 것이 필수적입니다. 마지막으로, 면접관의 이름을 미리 확인해 두는 것도 면접 진행에 큰 도움이 될 수 있습니다."
210,live_coding,CODE_VERIFICATION,https://www.youtube.com/watch?v=r6m-fjXRt2M,"면접에서 효과적인 문제 해결을 위해 충분한 테스트 케이스를 만드는 것이 중요합니다. 특히 면접 시간 내에 최소한의 케이스로 코드의 완성도를 입증할 수 있도록 하세요. 효율적인 테스트 방법을 익히면, 문제 해결에 필요한 시간을 크게 줄일 수 있습니다."
212,live_coding,CODE_VERIFICATION,https://www.youtube.com/watch?v=8BgVtn7Lo9U,"LBO 모델 면접 준비를 위해, 기본적인 수학 원리를 이해하고 설명할 수 있어야 합니다. 면접에서는 LBO 후보의 이상적인 조건, 수익률(IRR) 계산 및 다양한 시나리오에 대한 질문이 이어질 수 있으므로, 이를 체계적으로 연습하는 것이 중요합니다. 복잡한 사례 연구에 대한 두려움을 버리고, 간단하고 빠른 수치 문제에 익숙해지는 것이 실전에서 더 많이 도움이 됩니다."
213,live_coding,CODE_VERIFICATION,https://www.youtube.com/watch?v=tJGrie7k97c,코드를 손으로 추적하는 것은 면접과 시험에서 중요한 기술입니다. 변수의 변화를 표로 정리하며 코드의 흐름을 이해하는 연습을 통해 문제 해결 능력을 향상시킬 수 있습니다. 반복문과 메서드 호출 시 변수의 값이 어떻게 변하는지 시각적으로 나타내는 방법을 익히는 것이 중요합니다.
214,live_coding,CODE_VERIFICATION,https://www.youtube.com/watch?v=zvWMzZysW5w,"이 비디오에서 파이썬 코드의 재귀 함수의 출력을 추적하는 방법을 설명합니다. 면접 준비 시, 재귀 함수의 구조를 잘 이해하고 단계별로 문제를 해결하는 것이 중요하며, 각 조건문과 반복문에서 어떤 값이 어떻게 변하는지를 명확히 파악해야 합니다. 또한, 면접 중에는 코드의 흐름을 설명하며 논리적으로 접근하는 방식이 큰 도움이 됩니다."
215,live_coding,CODE_VERIFICATION,https://www.youtube.com/watch?v=Z4HL5JF4kp8,"면접에서 반복(iteration)과 재귀(recursion)를 이해하는 것은 매우 중요합니다. 학생들에게 코드의 동작을 손으로 추적해보는 방법을 가르치는 것은 이 개념을 확실히 이해하는 데 도움이 됩니다. 또한, 다양한 프로그래밍 언어를 지원하는 플랫폼을 활용하면 실습 환경을 유연하게 구성할 수 있어 유익합니다."
216,live_coding,CODE_VERIFICATION,https://www.youtube.com/watch?v=N-oyB_UYZ74,"프로그래밍 면접에서 중요한 것은 코드의 실행 과정을 단계별로 추적하는 것입니다. 이를 통해 컴퓨터가 각 명령을 어떻게 처리하는지 이해하고, 코드 작성 시 예측력을 키울 수 있습니다. 또한, 컴퓨터는 각 명령을 독립적으로 해석하므로, 명확하고 간결한 코드를 작성하는 것이 중요합니다."
217,live_coding,CODE_VERIFICATION,https://www.youtube.com/watch?v=tK7aDr-HgPA,"면접에서 효과적으로 자신의 기술적 이해도를 보여주려면, 복잡한 개념을 간단하게 설명하는 능력이 중요합니다. 예를 들어, 오류 수정 코드와 같은 기술적 요소를 물리학의 법칙과 연결 지어 설명하면 면접관에게 깊은 인상을 줄 수 있습니다. 또한, IT와 과학의 융합에 대한 통찰력을 갖추는 것이 필요한 시대인 만큼, 최신 기술 동향을 이해하고 대화할 수 있는 준비가 필요합니다."
218,live_coding,CODE_VERIFICATION,https://www.youtube.com/watch?v=6NkFemtrRZs,"면접에서 중요한 점은 이론적 지식과 실제 코딩 능력을 동시에 보여주는 것입니다. 특히, 복잡한 개념을 명확하게 설명할 수 있는 능력이 필요하며, 이는 면접관에게 깊이 있는 이해도를 전달합니다. 또한, 실험과 예측의 중요성을 인식하고, 자신의 이론이 실제로 검증될 수 있도록 준비하는 자세가 중요합니다."
221,live_coding,CODE_VERIFICATION,https://www.youtube.com/watch?v=wexzvClUcUk,"면접에서 좋은 인상을 남기는 첫 단추는 시간 약속을 지키고, 전문적인 복장으로 등장하는 것입니다. 면접 시작 전에 미리 준비한 자기소개를 읽고, 직무 설명서를 다시 확인하면 긴장을 줄이고 자신감을 높일 수 있습니다. 자기소개 시에는 본인의 관련 기술, 경험, 주요 성과, 그리고 역할에 대한 포부를 포함하는 것이 중요합니다."
222,live_coding,CODE_VERIFICATION,https://www.youtube.com/watch?v=NSpSjSJPf1A,"면접에서는 엣지 케이스(특수 상황)의 중요성을 강조해야 합니다. 일반적인 경우와 달리, 빈 리스트나 잘못된 입력과 같은 엣지 케이스를 고려하여 예외 처리를 철저히 준비하는 것이 필요합니다. 테스트 커버리지를 높이기 위해 다양한 입력을 통해 코드가 모든 상황에서 올바르게 작동하는지 확인해야 합니다."
223,live_coding,CODE_VERIFICATION,https://www.youtube.com/watch?v=vLzS25TIlQw,"경계점 분석은 소프트웨어 테스트에서 매우 중요한 기법으로, 극단적인 입력값을 통해 애플리케이션의 반응을 검증하는 과정입니다. 경계값을 설정하고, 그 근처의 극단적인 값들을 테스트하여 소프트웨어의 강점과 약점을 파악하는 것이 핵심입니다. 이러한 기법을 마스터하면 숨겨진 버그를 찾아내고 소프트웨어의 품질을 높이는 데 큰 도움이 됩니다."
224,live_coding,CODE_VERIFICATION,https://www.youtube.com/watch?v=2KIZq4c4spc,"면접에서 AI와 자동화의 활용 방안을 설명하는 것이 중요합니다. 특히 소프트웨어 품질을 유지하면서 비용과 속도를 동시에 고려해야 하며, 복잡한 시스템에서의 트레이스 가능성과 설명 가능성 문제를 해결하는 것이 핵심입니다. 또한, 혁신이 가져오는 위험 요소를 인식하고 이를 관리하기 위한 접근 방식이 필요합니다."
225,live_coding,CODE_VERIFICATION,https://www.youtube.com/watch?v=zUdaJufz5ho,"코드를 작성할 때는 항상 테스트를 고려해야 합니다. 프로그래머로서 실수를 하는 것은 자연스러운 일이며, 테스트와 디버깅은 프로그래밍 과정의 중요한 부분이라는 점을 명심해야 합니다. 따라서 코드를 작성하기 전에 테스트 전략을 세우는 것이 필수적이며, 이를 통해 프로그램이 기대한 대로 작동하는지 확인할 수 있습니다."
226,live_coding,CODE_VERIFICATION,https://www.youtube.com/watch?v=-K3adLEojHA,"소프트웨어 개발은 창의성과 논리가 결합된 복잡한 과정으로, 품질 보증을 위한 소프트웨어 테스트가 핵심이다. 최근에는 AI 기반의 자동화 테스트 도구가 등장해 테스트 효율성과 정확성을 높이고 있지만, 알고리즘의 편향성과 같은 새로운 도전 과제가 존재한다. 따라서 AI를 활용한 테스트를 도입할 때는 장단점을 균형 있게 고려하여 소프트웨어 품질을 책임감 있게 향상시켜야 한다."
227,live_coding,CODE_VERIFICATION,https://www.youtube.com/watch?v=BSjRmiYP7vg,"소프트웨어 테스트에서 테스트 케이스 설계 기법은 결함을 찾기 위한 필수적인 도구로, 다양한 접근 방식을 통해 테스트 범위를 넓힐 수 있습니다. 특히, 오류 추정(Error Guessing) 기법은 테스트 엔지니어의 분석적 사고에 의존하여 부정확한 데이터를 입력함으로써 결함을 발견하는 방식입니다. 면접 준비 시, 이러한 기법들을 이해하고 적용하는 능력을 강조하면 좋은 인상을 남길 수 있습니다."
228,live_coding,CODE_VERIFICATION,https://www.youtube.com/watch?v=wdifOXeVEtw,"실전 면접 꿀팁은 **엣지 케이스를 고려한 테스트 작성**입니다. 일반적인 예시 기반 테스트는 버그를 놓칠 수 있으므로, **속성 기반 테스트를 활용해 다양한 입력 상황을 시뮬레이션**하는 것이 중요합니다. 이를 통해 프로그램의 신뢰성을 높이고, 향후 발생할 수 있는 문제를 미리 방지할 수 있습니다."
